AgeGroup,State,Income,NeedsPct,WantsPct,SavingsPct,DebtLoad,PersonaLabel
60+,Rajasthan,46966,60,25,15,0,bagha
40-60,Rajasthan,88037,36,54,10,0,sodhi
22-28,Kerala,214617,16,22,62,0,popatlal
29-39,Goa,189175,42,25,33,0,anjali
29-39,Kerala,259092,72,20,8,41,bagha
40-60,Bihar,198291,31,52,17,0,roshan
40-60,Kerala,199427,44,64,-8,68,jethalal
40-60,Rajasthan,46884,40,22,38,0,madhavi
29-39,Delhi,195899,52,42,6,38,jethalal
18-22,Rajasthan,248522,20,76,4,42,tapu
60+,Maharashtra,276151,25,59,16,0,sodhi
29-39,UP,60771,36,46,18,0,daya
29-39,Delhi,25277,81,17,2,15,abdul
29-39,Bihar,207506,48,27,25,0,anjali
29-39,Bihar,152811,18,53,29,0,roshan
40-60,Kerala,80855,32,25,43,0,bhide
18-22,UP,257677,20,69,11,0,tapu
40-60,Delhi,119413,44,15,41,0,bhide
22-28,Kerala,280947,25,60,15,0,roshan
60+,Karnataka,281083,24,10,66,0,popatlal
22-28,Maharashtra,269329,25,9,66,0,popatlal
40-60,Bihar,175582,40,57,3,28,jethalal
29-39,Goa,278426,41,23,36,0,madhavi
22-28,Kerala,143759,55,51,-6,47,jethalal
40-60,Goa,153930,20,6,74,0,popatlal
29-39,Rajasthan,34660,35,25,40,0,anjali
40-60,Bihar,247511,10,6,84,0,popatlal
18-22,Kerala,83546,15,67,18,0,tapu
60+,Delhi,217307,27,54,19,0,sodhi
60+,Bihar,106556,21,65,14,0,babita
60+,Goa,240888,23,12,65,0,champaklal
40-60,Rajasthan,178908,31,33,36,0,iyer
60+,Bihar,213421,21,59,20,0,roshan
29-39,Goa,48766,48,38,14,0,komal
29-39,Bihar,28251,37,42,21,0,komal
22-28,Kerala,138636,30,62,8,16,babita
60+,Delhi,205502,23,33,44,0,iyer
18-22,Goa,148034,27,57,16,0,sodhi
22-28,Maharashtra,259009,35,30,35,0,iyer
29-39,Delhi,242868,26,56,18,0,sodhi
22-28,Rajasthan,137309,63,31,6,59,bagha
22-28,Goa,87910,34,45,21,0,komal
18-22,Delhi,261154,29,70,1,52,tapu
18-22,Bihar,31988,16,64,20,0,tapu
29-39,Goa,32114,80,18,2,42,abdul
22-28,Bihar,20514,93,4,3,35,abdul
18-22,Rajasthan,277394,31,51,18,0,babita
60+,Goa,226602,42,25,33,0,anjali
60+,Goa,69238,35,35,30,0,iyer
60+,UP,96122,22,50,28,0,babita
60+,Rajasthan,123249,44,21,35,0,mehta
60+,Goa,282835,65,22,13,0,bagha
22-28,Kerala,235030,28,46,26,0,roshan
60+,Maharashtra,212748,23,15,62,0,champaklal
60+,Kerala,62927,43,5,52,0,champaklal
29-39,Rajasthan,210388,39,45,16,0,komal
40-60,Delhi,230904,49,6,45,0,bhide
60+,Rajasthan,70356,51,21,28,0,anjali
60+,Rajasthan,57578,37,28,35,0,iyer
18-22,Maharashtra,36911,50,37,13,0,komal
18-22,Goa,80310,30,28,42,0,iyer
40-60,Kerala,167814,44,0,56,0,bhide
40-60,Karnataka,132737,29,59,12,0,daya
40-60,Karnataka,274900,59,20,21,0,mehta
18-22,Kerala,51651,28,72,0,48,tapu
18-22,Goa,156457,38,47,15,0,daya
18-22,Karnataka,241328,27,71,2,78,tapu
40-60,Goa,285353,24,51,25,0,sodhi
40-60,Rajasthan,109468,40,0,60,0,bhide
60+,Goa,224884,45,49,6,33,jethalal
22-28,Goa,199217,13,24,63,0,popatlal
22-28,UP,277478,48,23,29,0,anjali
18-22,Rajasthan,37321,12,21,67,0,popatlal
60+,Goa,176096,57,41,2,78,jethalal
40-60,Rajasthan,150227,10,29,61,0,popatlal
40-60,Bihar,114520,44,2,54,0,bhide
40-60,Delhi,161396,20,62,18,0,babita
18-22,Bihar,144735,27,60,13,0,babita
18-22,Bihar,187067,29,51,20,0,sodhi
40-60,Kerala,196659,38,28,34,0,iyer
22-28,Karnataka,101464,34,66,0,49,babita
40-60,Goa,54507,40,35,25,0,komal
29-39,Delhi,223293,29,46,25,0,roshan
18-22,Karnataka,144098,26,74,0,65,tapu
18-22,Karnataka,346441,53,43,4,73,jethalal
18-22,Maharashtra,193827,33,49,18,0,daya
60+,Goa,71979,20,18,62,0,champaklal
22-28,UP,152785,41,25,34,0,madhavi
60+,Karnataka,227503,23,53,24,0,roshan
60+,Bihar,246308,37,45,18,0,komal
60+,Goa,136115,60,35,5,77,bagha
29-39,Kerala,422283,46,48,6,32,jethalal
22-28,Goa,28368,88,10,2,54,abdul
22-28,UP,32154,36,28,36,0,madhavi
40-60,UP,66204,40,22,38,0,anjali
18-22,Kerala,210330,39,29,32,0,iyer
18-22,Kerala,192082,38,62,0,27,babita
18-22,Delhi,70860,22,48,30,0,roshan
40-60,Maharashtra,205800,42,44,14,0,komal
22-28,UP,292385,30,35,35,0,mehta
18-22,UP,258265,16,15,69,0,popatlal
40-60,Bihar,285832,38,35,27,0,mehta
60+,Rajasthan,61846,22,58,20,0,babita
18-22,Rajasthan,124048,49,21,30,0,mehta
60+,Maharashtra,210530,19,6,75,0,popatlal
60+,Goa,211226,28,7,65,0,champaklal
60+,Kerala,220158,44,29,27,0,iyer
22-28,Delhi,18391,94,3,3,42,abdul
18-22,Maharashtra,215429,73,14,13,0,bagha
40-60,Goa,54242,30,47,23,0,roshan
22-28,UP,176692,38,29,33,0,anjali
18-22,Goa,58533,40,42,18,0,komal
22-28,Karnataka,44564,27,30,43,0,madhavi
22-28,Kerala,188511,36,39,25,0,komal
40-60,Bihar,293515,36,44,20,0,daya
40-60,Maharashtra,174863,56,19,25,0,anjali
29-39,Bihar,53299,27,56,17,0,sodhi
60+,Goa,106755,34,13,53,0,champaklal
22-28,Bihar,38420,53,17,30,0,anjali
22-28,Bihar,41895,48,25,27,0,iyer
18-22,Delhi,39708,48,30,22,0,mehta
18-22,Karnataka,288511,26,57,17,0,sodhi
22-28,Maharashtra,105365,45,16,39,0,anjali
40-60,Karnataka,40533,46,10,44,0,bhide
18-22,Maharashtra,36727,65,24,11,0,bagha
40-60,Maharashtra,288921,40,30,30,0,mehta
40-60,Kerala,299303,39,23,38,0,anjali
40-60,Bihar,41010,72,18,10,0,bagha
40-60,Bihar,217920,44,13,43,0,bhide
18-22,Rajasthan,196738,43,33,24,0,komal
22-28,Maharashtra,166454,23,59,18,0,sodhi
60+,Rajasthan,180421,30,5,65,0,champaklal
60+,Goa,132999,24,19,57,0,champaklal
60+,Kerala,88101,13,11,76,0,popatlal
40-60,Goa,200423,33,26,41,0,bhide
60+,UP,127998,21,10,69,0,champaklal
29-39,Karnataka,195331,37,20,43,0,madhavi
60+,UP,113029,48,20,32,0,mehta
22-28,Karnataka,35130,82,15,3,62,abdul
29-39,Goa,280738,69,24,7,69,bagha
29-39,Maharashtra,122940,24,0,76,0,popatlal
60+,Rajasthan,47848,46,41,13,0,komal
60+,Bihar,290138,30,8,62,0,champaklal
22-28,Kerala,69622,40,44,16,0,komal
40-60,Delhi,240603,22,59,19,0,daya
18-22,Karnataka,255997,73,22,5,21,bagha
22-28,Goa,19520,84,12,4,32,abdul
60+,UP,287464,19,14,67,0,champaklal
18-22,Maharashtra,32679,28,70,2,38,tapu
60+,Kerala,101986,23,60,17,0,roshan
22-28,Kerala,59297,30,57,13,0,sodhi
22-28,Rajasthan,113279,61,28,11,0,bagha
29-39,UP,38193,95,1,4,62,abdul
18-22,UP,358585,62,45,-7,69,jethalal
40-60,Rajasthan,242021,27,69,4,32,jethalal
29-39,Maharashtra,277931,22,4,74,0,popatlal
18-22,Karnataka,297750,17,80,3,36,tapu
60+,Goa,106626,23,33,44,0,iyer
18-22,Rajasthan,277257,30,50,20,0,sodhi
18-22,UP,315303,42,59,-1,49,jethalal
40-60,Karnataka,185351,37,21,42,0,bhide
29-39,Kerala,36818,95,2,3,12,abdul
60+,Karnataka,165115,43,27,30,0,anjali
40-60,UP,216824,33,18,49,0,bhide
60+,Maharashtra,235725,40,6,54,0,champaklal
22-28,UP,288320,28,72,0,21,babita
18-22,Karnataka,108491,47,47,6,30,jethalal
22-28,UP,134471,28,51,21,0,sodhi
40-60,Kerala,80925,28,5,67,0,popatlal
22-28,Rajasthan,41245,23,0,77,0,popatlal
18-22,Maharashtra,210764,24,32,44,0,iyer
60+,Goa,157078,48,27,25,0,mehta
60+,Karnataka,195641,21,16,63,0,champaklal
18-22,Goa,77169,41,29,30,0,madhavi
40-60,Delhi,258997,38,4,58,0,bhide
22-28,Goa,77914,38,30,32,0,mehta
40-60,Maharashtra,240781,43,25,32,0,iyer
40-60,Rajasthan,96367,47,5,48,0,bhide
60+,Delhi,40539,19,8,73,0,popatlal
18-22,UP,41475,22,28,50,0,madhavi
60+,Goa,132951,29,20,51,0,champaklal
22-28,Karnataka,152267,33,57,10,64,jethalal
22-28,Bihar,230466,24,60,16,0,daya
60+,Rajasthan,149753,32,17,51,0,champaklal
29-39,Rajasthan,240827,38,50,12,0,daya
60+,UP,278462,38,44,18,0,komal
40-60,Rajasthan,137243,50,5,45,0,bhide
22-28,Goa,279864,35,52,13,0,sodhi
29-39,UP,207706,61,27,12,0,bagha
60+,Bihar,209950,38,50,12,0,sodhi
29-39,UP,217961,51,33,16,0,komal
22-28,Delhi,89837,54,30,16,0,komal
60+,Bihar,75798,19,19,62,0,champaklal
18-22,Bihar,236864,41,26,33,0,iyer
22-28,UP,122196,29,48,23,0,roshan
18-22,Maharashtra,70903,30,60,10,0,sodhi
29-39,Kerala,299089,27,58,15,0,babita
60+,Maharashtra,116020,28,10,62,0,champaklal
22-28,Kerala,123585,32,54,14,0,babita
40-60,UP,28569,92,7,1,65,abdul
60+,Maharashtra,281396,23,35,42,0,iyer
18-22,UP,216647,30,34,36,0,iyer
22-28,Karnataka,80329,40,25,35,0,mehta
18-22,Goa,362764,43,61,-4,24,jethalal
22-28,Goa,77257,30,-4,74,0,popatlal
60+,Delhi,114664,25,65,10,0,babita
29-39,Kerala,27276,86,11,3,50,abdul
29-39,Kerala,31524,33,51,16,0,sodhi
29-39,Kerala,101259,39,35,26,0,iyer
29-39,Bihar,99096,43,23,34,0,anjali
29-39,Kerala,297347,42,44,14,0,komal
29-39,UP,140303,30,68,2,57,jethalal
60+,Kerala,124875,30,6,64,0,champaklal
22-28,Goa,148135,44,48,8,65,jethalal
40-60,Kerala,115221,31,18,51,0,bhide
22-28,Maharashtra,222687,23,57,20,0,daya
29-39,UP,23332,37,63,0,70,babita
18-22,Maharashtra,239050,22,60,18,0,sodhi
18-22,Maharashtra,252253,36,64,0,69,babita
40-60,Delhi,68115,31,28,41,0,iyer
18-22,Kerala,71213,33,62,5,31,babita
22-28,Karnataka,172205,37,32,31,0,mehta
60+,Bihar,260512,55,19,26,0,anjali
22-28,UP,166708,21,51,28,0,roshan
29-39,Maharashtra,166290,49,22,29,0,anjali
18-22,Rajasthan,55067,20,68,12,0,babita
22-28,Karnataka,48338,34,35,31,0,iyer
60+,Goa,67487,57,22,21,0,mehta
18-22,Goa,208498,30,27,43,0,madhavi
22-28,Goa,40320,64,26,10,0,bagha
22-28,Kerala,364102,31,66,3,57,jethalal
40-60,Rajasthan,100450,34,50,16,0,babita
29-39,Rajasthan,322673,50,45,5,66,jethalal
29-39,Goa,212857,28,58,14,0,daya
29-39,Maharashtra,29486,41,36,23,0,komal
22-28,Rajasthan,175198,14,21,65,0,popatlal
22-28,Kerala,163708,45,20,35,0,madhavi
18-22,Maharashtra,39792,38,52,10,0,sodhi
18-22,Kerala,175547,15,73,12,0,tapu
22-28,UP,89895,25,60,15,0,daya
40-60,Rajasthan,20037,39,23,38,0,madhavi
29-39,Bihar,119053,31,52,17,0,sodhi
18-22,Karnataka,266974,24,57,19,0,sodhi
60+,Bihar,278577,31,18,51,0,champaklal
29-39,Kerala,266167,53,18,29,0,anjali
40-60,Goa,30869,91,9,0,37,abdul
40-60,Delhi,192441,16,60,24,0,sodhi
40-60,Rajasthan,126692,54,33,13,0,komal
60+,Kerala,220029,23,18,59,0,champaklal
29-39,Rajasthan,248899,21,75,4,50,babita
29-39,Goa,130772,33,52,15,0,roshan
22-28,Kerala,26046,95,4,1,55,abdul
40-60,Karnataka,116954,29,26,45,0,iyer
60+,Bihar,188141,71,23,6,37,bagha
40-60,Goa,280989,44,23,33,0,anjali
22-28,Goa,28197,32,45,23,0,roshan
60+,Maharashtra,76730,30,51,19,0,daya
40-60,Goa,199892,36,26,38,0,madhavi
40-60,Goa,47935,44,15,41,0,bhide
60+,Maharashtra,218929,30,56,14,0,sodhi
60+,Delhi,211878,14,19,67,0,champaklal
29-39,Kerala,271689,19,7,74,0,popatlal
40-60,Delhi,149008,48,33,19,0,komal
29-39,UP,205577,16,17,67,0,popatlal
60+,Bihar,224945,36,10,54,0,champaklal
22-28,UP,178716,44,24,32,0,anjali
60+,UP,230061,44,26,30,0,anjali
60+,Karnataka,261327,40,52,8,61,babita
18-22,Karnataka,268622,27,73,0,49,tapu
60+,Delhi,290275,17,16,67,0,champaklal
40-60,Bihar,29116,84,14,2,24,abdul
40-60,Maharashtra,221463,66,19,15,0,bagha
22-28,Goa,64724,24,60,16,0,sodhi
29-39,Rajasthan,71560,17,53,30,0,roshan
40-60,Goa,256068,49,51,0,23,jethalal
40-60,Bihar,208853,70,15,15,0,bagha
18-22,Maharashtra,24467,85,14,1,37,abdul
18-22,Rajasthan,203651,28,72,0,69,babita
29-39,Maharashtra,271564,44,27,29,0,mehta
29-39,Rajasthan,181569,48,42,10,22,jethalal
29-39,Rajasthan,158919,49,58,-7,36,jethalal
40-60,Goa,76782,48,2,50,0,bhide
29-39,UP,24008,94,4,2,77,abdul
22-28,Delhi,188621,42,19,39,0,anjali
18-22,Karnataka,128572,34,50,16,0,roshan
60+,Delhi,292374,44,39,17,0,komal
22-28,UP,284410,24,58,18,0,roshan
40-60,Karnataka,198983,41,0,59,0,bhide
40-60,Delhi,70823,22,60,18,0,daya
40-60,UP,139514,49,10,41,0,bhide
22-28,Karnataka,34766,41,47,12,0,daya
18-22,Goa,98187,21,71,8,35,tapu
18-22,UP,119167,49,26,25,0,anjali
40-60,Maharashtra,271623,32,68,0,26,babita
60+,Delhi,241335,30,51,19,0,babita
29-39,Kerala,38042,44,20,36,0,anjali
60+,Rajasthan,183852,24,12,64,0,champaklal
40-60,UP,116310,30,52,18,0,babita
29-39,Rajasthan,29597,23,55,22,0,babita
60+,UP,126997,51,31,18,0,komal
60+,Delhi,193307,21,74,5,25,babita
22-28,Delhi,272947,16,7,77,0,popatlal
29-39,Delhi,59314,45,31,24,0,komal
18-22,Maharashtra,287482,30,30,40,0,anjali
40-60,Goa,197214,38,40,22,0,komal
40-60,Bihar,261404,57,44,-1,25,jethalal
29-39,Rajasthan,256932,54,33,13,0,komal
40-60,Goa,135064,45,7,48,0,bhide
22-28,Kerala,286249,39,22,39,0,anjali
40-60,UP,29359,25,6,69,0,popatlal
18-22,Delhi,290827,19,76,5,33,tapu
18-22,Bihar,280182,39,61,0,58,babita
40-60,Maharashtra,20326,42,-1,59,0,bhide
29-39,Delhi,92714,26,29,45,0,iyer
22-28,Delhi,202105,51,57,-8,44,jethalal
29-39,UP,159332,27,34,39,0,iyer
60+,Maharashtra,261750,49,19,32,0,anjali
22-28,Bihar,208478,27,59,14,0,sodhi
40-60,Bihar,272136,45,5,50,0,bhide
29-39,Rajasthan,180631,35,63,2,72,babita
40-60,Bihar,109381,36,64,0,24,babita
60+,Kerala,266350,34,64,2,33,babita
40-60,UP,272745,31,64,5,45,jethalal
40-60,Goa,192163,67,23,10,0,bagha
22-28,Maharashtra,143844,25,59,16,0,sodhi
18-22,Kerala,226544,28,60,12,0,sodhi
40-60,Karnataka,252618,47,6,47,0,bhide
18-22,Kerala,97262,18,72,10,0,tapu
60+,Bihar,136083,43,40,17,0,komal
60+,Bihar,199565,25,20,55,0,champaklal
40-60,Karnataka,288465,40,7,53,0,bhide
18-22,Goa,260409,23,60,17,0,sodhi
40-60,Bihar,20027,41,0,59,0,bhide
40-60,Bihar,33753,39,26,35,0,anjali
40-60,Bihar,29708,50,27,23,0,mehta
29-39,Delhi,165503,44,19,37,0,anjali
18-22,Rajasthan,62203,48,26,26,0,iyer
29-39,Bihar,49019,19,21,60,0,popatlal
18-22,UP,76931,17,66,17,0,tapu
40-60,Karnataka,20238,50,9,41,0,bhide
18-22,Rajasthan,228649,29,63,8,15,babita
29-39,Goa,196038,40,21,39,0,madhavi
18-22,Rajasthan,230690,50,20,30,0,madhavi
18-22,Goa,212326,10,19,71,0,popatlal
40-60,Kerala,224674,68,22,10,0,bagha
22-28,Delhi,79071,27,53,20,0,babita
29-39,Maharashtra,123649,31,21,48,0,madhavi
18-22,Goa,100314,17,80,3,53,tapu
22-28,Kerala,193059,38,62,0,30,jethalal
60+,Karnataka,346360,49,42,9,66,jethalal
22-28,Maharashtra,35459,87,8,5,72,abdul
60+,Delhi,227973,33,6,61,0,champaklal
60+,Bihar,251670,49,41,10,34,jethalal
22-28,Bihar,318273,27,66,7,69,jethalal
18-22,Delhi,89066,20,58,22,0,sodhi
22-28,Maharashtra,297934,74,11,15,0,bagha
40-60,Karnataka,96822,45,8,47,0,bhide
18-22,Goa,94374,30,68,2,23,tapu
18-22,Kerala,294881,24,66,10,0,tapu
60+,Kerala,53236,35,53,12,0,sodhi
40-60,Rajasthan,47471,21,53,26,0,roshan
60+,UP,128890,73,17,10,0,bagha
29-39,Delhi,65811,28,66,6,68,babita
29-39,Karnataka,32637,86,9,5,50,abdul
22-28,Rajasthan,191796,52,20,28,0,anjali
22-28,Karnataka,27741,86,14,0,36,abdul
40-60,Goa,78264,32,45,23,0,roshan
40-60,Maharashtra,359340,37,64,-1,68,jethalal
40-60,Delhi,129786,32,49,19,0,roshan
40-60,UP,61461,35,54,11,0,babita
60+,Goa,247689,35,8,57,0,champaklal
40-60,Maharashtra,299546,40,0,60,0,bhide
29-39,Delhi,218910,75,13,12,0,bagha
40-60,Delhi,137723,44,42,14,0,komal
29-39,Bihar,237481,41,40,19,0,komal
60+,Bihar,264302,40,65,-5,67,jethalal
60+,Maharashtra,33890,86,14,0,49,abdul
40-60,UP,183387,39,29,32,0,iyer
18-22,Maharashtra,88571,19,54,27,0,roshan
60+,Bihar,90948,17,20,63,0,popatlal
60+,Delhi,147997,29,51,20,0,sodhi
29-39,Karnataka,42383,26,8,66,0,popatlal
22-28,Kerala,174143,16,60,24,0,roshan
18-22,Bihar,168753,41,32,27,0,mehta
60+,Goa,15018,90,6,4,15,abdul
29-39,Kerala,31560,89,6,5,26,abdul
40-60,Maharashtra,81205,40,50,10,0,daya
60+,Kerala,293414,17,18,65,0,champaklal
22-28,Goa,262259,44,18,38,0,anjali
60+,Maharashtra,66453,23,57,20,0,roshan
40-60,Kerala,368798,37,59,4,48,jethalal
40-60,Delhi,105364,59,16,25,0,anjali
22-28,Kerala,77640,38,33,29,0,iyer
29-39,Goa,387729,38,69,-7,44,jethalal
29-39,Karnataka,265717,30,67,3,50,babita
60+,Delhi,233550,26,58,16,0,sodhi
22-28,Rajasthan,105302,21,0,79,0,popatlal
18-22,Bihar,140456,45,63,-8,89,jethalal
22-28,Kerala,234233,39,27,34,0,madhavi
18-22,Karnataka,92559,21,63,16,0,tapu
22-28,Karnataka,411171,25,68,7,85,jethalal
18-22,Maharashtra,164503,30,67,3,55,tapu
40-60,UP,223974,50,3,47,0,bhide
60+,Goa,250785,26,59,15,0,daya
40-60,Kerala,259855,23,34,43,0,iyer
22-28,Kerala,105390,28,33,39,0,iyer
18-22,Karnataka,96011,51,31,18,0,komal
40-60,UP,207770,57,32,11,0,komal
40-60,Goa,54270,45,5,50,0,bhide
18-22,Kerala,113561,49,23,28,0,anjali
40-60,Rajasthan,63822,22,51,27,0,roshan
29-39,Rajasthan,89993,43,27,30,0,mehta
29-39,Goa,259188,30,54,16,0,daya
18-22,Maharashtra,194130,24,68,8,75,tapu
60+,UP,134778,20,58,22,0,roshan
18-22,Kerala,248531,43,44,13,0,daya
40-60,Kerala,57955,53,17,30,0,anjali
40-60,Goa,195606,43,47,10,0,daya
40-60,Karnataka,33076,85,12,3,24,abdul
18-22,UP,150357,45,26,29,0,anjali
22-28,Bihar,85579,22,53,25,0,sodhi
22-28,Karnataka,252439,68,22,10,0,bagha
29-39,UP,19682,95,5,0,40,abdul
22-28,Delhi,95798,34,51,15,0,roshan
18-22,Rajasthan,134555,31,30,39,0,madhavi
40-60,Kerala,15463,85,14,1,64,abdul
22-28,Kerala,64719,43,30,27,0,mehta
18-22,UP,216255,21,35,44,0,iyer
22-28,Goa,470953,48,50,2,84,jethalal
29-39,Maharashtra,81417,27,57,16,0,sodhi
60+,Kerala,290440,27,14,59,0,champaklal
40-60,UP,169588,53,53,-6,62,jethalal
22-28,Delhi,45796,54,21,25,0,anjali
18-22,Goa,287112,29,70,1,55,tapu
18-22,Bihar,102891,30,55,15,0,daya
60+,Bihar,194138,29,57,14,0,daya
40-60,Rajasthan,258183,40,52,8,48,jethalal
18-22,Karnataka,175117,27,29,44,0,iyer
60+,Karnataka,211244,35,13,52,0,champaklal
29-39,Karnataka,166851,23,7,70,0,popatlal
40-60,Karnataka,133439,42,24,34,0,mehta
18-22,Maharashtra,33575,49,18,33,0,anjali
29-39,UP,93413,39,51,10,0,babita
60+,Goa,34146,41,25,34,0,iyer
60+,Maharashtra,207100,34,66,0,17,babita
60+,Maharashtra,39705,46,26,28,0,iyer
40-60,Maharashtra,60869,49,22,29,0,anjali
18-22,Karnataka,36811,29,21,50,0,madhavi
29-39,Maharashtra,99047,39,28,33,0,anjali
29-39,Bihar,24422,21,30,49,0,madhavi
29-39,Kerala,120444,33,56,11,0,sodhi
29-39,Rajasthan,56203,24,13,63,0,popatlal
22-28,Kerala,103122,60,27,13,0,bagha
22-28,Delhi,24512,90,5,5,31,abdul
18-22,Kerala,81324,73,16,11,0,bagha
40-60,Rajasthan,128896,40,49,11,0,daya
60+,Kerala,186338,36,51,13,0,babita
29-39,Bihar,31438,33,28,39,0,anjali
18-22,Delhi,148416,24,62,14,0,tapu
29-39,Goa,170129,25,54,21,0,sodhi
22-28,Kerala,209647,28,51,21,0,sodhi
60+,Goa,37505,42,24,34,0,madhavi
22-28,Karnataka,138738,11,27,62,0,popatlal
60+,Rajasthan,165564,45,28,27,0,iyer
29-39,Goa,218496,40,26,34,0,iyer
40-60,Karnataka,245381,32,56,12,0,sodhi
22-28,UP,23482,21,0,79,0,popatlal
29-39,Goa,27148,81,16,3,69,abdul
29-39,Maharashtra,136055,30,35,35,0,iyer
18-22,Maharashtra,166979,55,25,20,0,mehta
40-60,Karnataka,106578,43,34,23,0,mehta
60+,Goa,234038,30,53,17,0,roshan
60+,Karnataka,156536,54,55,-9,44,jethalal
18-22,Kerala,26694,86,12,2,35,abdul
60+,UP,223652,17,55,28,0,roshan
60+,Maharashtra,24366,86,14,0,65,abdul
40-60,Karnataka,48689,44,15,41,0,bhide
18-22,Maharashtra,74462,43,17,40,0,anjali
22-28,Rajasthan,96047,25,59,16,0,sodhi
60+,Bihar,64893,25,8,67,0,champaklal
40-60,Rajasthan,103415,55,20,25,0,mehta
29-39,Karnataka,37574,47,20,33,0,mehta
22-28,Kerala,43541,70,22,8,68,bagha
18-22,Delhi,403790,56,48,-4,82,jethalal
40-60,Bihar,74817,34,22,44,0,bhide
40-60,Karnataka,153269,40,25,35,0,mehta
18-22,Maharashtra,104102,51,36,13,0,komal
18-22,Rajasthan,281778,20,35,45,0,iyer
22-28,UP,40189,75,17,8,77,bagha
60+,Bihar,294461,31,5,64,0,champaklal
18-22,Delhi,244229,29,22,49,0,madhavi
29-39,Rajasthan,74707,15,56,29,0,roshan
18-22,Bihar,212801,35,25,40,0,madhavi
29-39,Karnataka,166088,27,57,16,0,daya
40-60,Rajasthan,122070,33,21,46,0,bhide
40-60,UP,279794,36,58,6,27,babita
60+,UP,129662,38,47,15,0,daya
40-60,Rajasthan,31881,93,5,2,16,abdul
29-39,Bihar,134516,52,40,8,79,jethalal
40-60,Karnataka,186658,33,35,32,0,mehta
40-60,UP,265152,48,7,45,0,bhide
22-28,Delhi,26219,43,20,37,0,madhavi
22-28,UP,194849,36,49,15,0,roshan
18-22,Kerala,185544,19,69,12,0,tapu
29-39,Goa,122596,39,48,13,0,daya
22-28,UP,137198,36,30,34,0,madhavi
29-39,UP,70195,16,58,26,0,roshan
40-60,Rajasthan,283282,37,47,16,0,roshan
60+,Kerala,169001,28,14,58,0,champaklal
40-60,Bihar,116956,18,57,25,0,sodhi
29-39,Rajasthan,108063,35,29,36,0,madhavi
40-60,Maharashtra,229167,38,22,40,0,bhide
29-39,Goa,29467,33,34,33,0,mehta
18-22,Delhi,161714,34,22,44,0,madhavi
40-60,Maharashtra,118606,40,3,57,0,bhide
29-39,Delhi,291474,35,45,20,0,daya
40-60,Kerala,286763,39,45,16,0,roshan
60+,Karnataka,101074,12,19,69,0,champaklal
22-28,Kerala,249702,23,33,44,0,iyer
40-60,Kerala,124532,46,11,43,0,bhide
40-60,Delhi,187364,33,35,32,0,iyer
18-22,UP,65084,44,18,38,0,anjali
18-22,UP,75186,32,51,17,0,sodhi
29-39,UP,54987,46,19,35,0,anjali
29-39,Bihar,450947,39,67,-6,47,jethalal
18-22,Rajasthan,281888,45,33,22,0,komal
29-39,Kerala,45209,70,23,7,33,bagha
60+,Goa,48709,38,62,0,12,babita
60+,Karnataka,212041,40,27,33,0,madhavi
60+,Karnataka,220744,20,58,22,0,sodhi
18-22,Kerala,189745,48,15,37,0,anjali
22-28,Delhi,52520,41,38,21,0,komal
22-28,Bihar,249050,26,48,26,0,roshan
22-28,Delhi,185577,14,56,30,0,roshan
29-39,Karnataka,289437,33,45,22,0,roshan
22-28,Bihar,235911,57,41,2,44,jethalal
18-22,Karnataka,145928,36,21,43,0,madhavi
22-28,Rajasthan,112154,29,49,22,0,roshan
22-28,Goa,194390,21,9,70,0,popatlal
60+,Goa,261879,30,14,56,0,champaklal
18-22,Maharashtra,171316,21,55,24,0,sodhi
22-28,Goa,274226,37,23,40,0,anjali
60+,Maharashtra,204061,35,15,50,0,champaklal
29-39,Delhi,213600,35,63,2,69,babita
60+,Maharashtra,214010,26,35,39,0,iyer
18-22,Rajasthan,33983,16,64,20,0,tapu
40-60,Bihar,230631,41,29,30,0,iyer
40-60,Goa,293190,20,0,80,0,popatlal
29-39,Rajasthan,488759,45,51,4,23,jethalal
22-28,Bihar,157958,38,51,11,0,sodhi
60+,UP,68153,38,60,2,45,babita
18-22,Maharashtra,120210,54,23,23,0,mehta
22-28,Karnataka,255276,38,62,0,21,jethalal
18-22,Kerala,111914,15,71,14,0,tapu
60+,Karnataka,41514,39,61,0,19,babita
18-22,Kerala,330246,37,69,-6,30,jethalal
40-60,Maharashtra,40007,52,18,30,0,anjali
40-60,Maharashtra,280722,73,13,14,0,bagha
29-39,Maharashtra,119379,41,43,16,0,daya
40-60,Goa,284261,42,11,47,0,bhide
40-60,Rajasthan,36143,16,55,29,0,roshan
18-22,Maharashtra,285213,22,70,8,53,tapu
60+,Bihar,15981,82,18,0,59,abdul
29-39,Goa,249009,23,-3,80,0,popatlal
29-39,UP,279660,30,55,15,0,roshan
18-22,Karnataka,128158,36,29,35,0,anjali
40-60,Kerala,177915,47,12,41,0,bhide
29-39,Maharashtra,47733,42,42,16,0,daya
22-28,Rajasthan,214980,39,26,35,0,iyer
40-60,Bihar,66085,30,29,41,0,iyer
29-39,UP,119997,24,8,68,0,popatlal
29-39,UP,170166,37,27,36,0,iyer
29-39,Bihar,292248,28,60,12,0,daya
40-60,Kerala,284274,32,10,58,0,bhide
29-39,Maharashtra,33683,24,59,17,0,sodhi
60+,Rajasthan,166646,31,27,42,0,madhavi
18-22,Karnataka,175629,26,30,44,0,madhavi
22-28,Kerala,35039,92,6,2,34,abdul
29-39,Kerala,28227,95,2,3,42,abdul
22-28,UP,194285,53,26,21,0,mehta
40-60,Karnataka,110685,22,66,12,0,babita
60+,Goa,147675,19,53,28,0,roshan
40-60,UP,34103,42,0,58,0,bhide
60+,Rajasthan,190458,19,12,69,0,champaklal
18-22,Karnataka,289179,20,79,1,25,tapu
60+,Kerala,121763,22,58,20,0,daya
40-60,UP,46097,44,20,36,0,madhavi
18-22,Delhi,57928,74,15,11,0,bagha
40-60,Goa,102878,42,49,9,50,jethalal
22-28,UP,48033,37,53,10,0,daya
60+,UP,189990,43,32,25,0,mehta
29-39,Bihar,36140,80,15,5,36,abdul
22-28,Goa,64436,33,35,32,0,iyer
18-22,Bihar,187533,21,64,15,0,tapu
60+,Karnataka,27272,30,12,58,0,champaklal
40-60,Goa,27285,12,10,78,0,popatlal
22-28,UP,34043,87,13,0,23,abdul
22-28,UP,32741,95,3,2,23,abdul
18-22,Goa,142305,22,70,8,74,tapu
22-28,UP,236999,32,49,19,0,roshan
60+,Delhi,94173,28,16,56,0,champaklal
60+,Karnataka,105248,35,9,56,0,champaklal
18-22,Rajasthan,101539,38,29,33,0,iyer
18-22,Rajasthan,263531,23,76,1,55,tapu
22-28,Rajasthan,101936,68,22,10,0,bagha
22-28,Maharashtra,295949,29,66,5,29,babita
29-39,UP,29280,84,11,5,45,abdul
40-60,Rajasthan,28627,38,10,52,0,bhide
29-39,Delhi,264526,25,56,19,0,sodhi
40-60,UP,208186,40,26,34,0,iyer
60+,Kerala,179154,60,25,15,0,bagha
18-22,Rajasthan,275969,35,51,14,0,sodhi
40-60,Karnataka,239764,29,46,25,0,roshan
40-60,Rajasthan,289260,20,57,23,0,sodhi
18-22,Maharashtra,44619,26,71,3,70,tapu
22-28,Bihar,252245,28,60,12,0,babita
18-22,Goa,173072,47,43,10,0,komal
18-22,Maharashtra,23851,83,17,0,74,abdul
22-28,Rajasthan,185157,63,32,5,78,bagha
29-39,Goa,69650,30,53,17,0,daya
22-28,Delhi,272115,36,47,17,0,roshan
40-60,UP,164319,20,64,16,0,babita
29-39,Karnataka,90222,50,32,18,0,komal
60+,Maharashtra,256210,25,29,46,0,madhavi
18-22,Delhi,171607,26,53,21,0,sodhi
29-39,Maharashtra,49868,40,28,32,0,mehta
60+,Delhi,239608,26,60,14,0,daya
29-39,Kerala,77767,44,24,32,0,madhavi
60+,Rajasthan,101971,28,60,12,0,sodhi
18-22,Bihar,263764,18,69,13,0,tapu
40-60,Maharashtra,138649,26,30,44,0,madhavi
40-60,Rajasthan,113535,38,2,60,0,bhide
60+,UP,207268,51,30,19,0,komal
40-60,UP,188554,27,2,71,0,popatlal
60+,Goa,199236,39,30,31,0,madhavi
40-60,Rajasthan,172976,21,6,73,0,popatlal
22-28,Karnataka,138910,38,42,20,0,daya
60+,Delhi,110895,27,10,63,0,popatlal
40-60,Delhi,156218,16,57,27,0,roshan
40-60,Maharashtra,125756,34,9,57,0,bhide
60+,Goa,111276,21,54,25,0,roshan
40-60,Maharashtra,113641,34,56,10,0,sodhi
60+,Karnataka,290609,42,27,31,0,anjali
22-28,UP,85978,40,60,0,30,babita
18-22,Goa,165987,44,41,15,0,daya
22-28,Kerala,27247,26,50,24,0,roshan
40-60,Bihar,47629,40,10,50,0,bhide
18-22,Karnataka,258009,50,32,18,0,komal
22-28,Kerala,136410,24,49,27,0,roshan
22-28,Kerala,299165,73,19,8,65,bagha
40-60,Kerala,104632,16,59,25,0,roshan
60+,Maharashtra,60141,25,19,56,0,champaklal
29-39,Delhi,166839,35,50,15,0,sodhi
29-39,Maharashtra,318947,25,70,5,74,jethalal
18-22,Goa,215225,38,37,25,0,komal
40-60,Rajasthan,136857,39,47,14,0,daya
22-28,UP,170079,43,32,25,0,iyer
18-22,UP,97402,20,74,6,11,tapu
60+,Rajasthan,162760,39,50,11,0,babita
18-22,Goa,108544,18,0,82,0,popatlal
60+,Delhi,97684,33,8,59,0,champaklal
40-60,Maharashtra,239571,25,8,67,0,popatlal
60+,Bihar,216887,43,6,51,0,champaklal
60+,Delhi,267698,68,26,6,11,bagha
18-22,Delhi,122644,39,22,39,0,anjali
29-39,UP,191056,46,36,18,0,komal
29-39,Goa,276897,26,30,44,0,iyer
60+,Maharashtra,74887,35,10,55,0,champaklal
22-28,Bihar,42735,28,32,40,0,iyer
22-28,UP,195010,41,49,10,0,daya
18-22,Maharashtra,119250,46,23,31,0,mehta
60+,UP,278873,39,26,35,0,madhavi
40-60,Maharashtra,146787,45,28,27,0,mehta
29-39,Maharashtra,23058,90,6,4,71,abdul
29-39,Goa,238819,14,8,78,0,popatlal
60+,Kerala,134818,29,56,15,0,sodhi
18-22,Delhi,237071,47,23,30,0,mehta
18-22,UP,88130,34,45,21,0,roshan
18-22,Delhi,228477,21,11,68,0,popatlal
22-28,Rajasthan,252558,31,69,0,14,babita
60+,UP,31841,22,61,17,0,babita
22-28,Goa,96836,34,30,36,0,iyer
60+,Rajasthan,174626,32,31,37,0,iyer
29-39,Delhi,205621,23,33,44,0,iyer
60+,Maharashtra,39506,34,12,54,0,champaklal
40-60,Goa,231486,44,39,17,0,komal
18-22,Maharashtra,55403,53,31,16,0,komal
40-60,Maharashtra,126747,57,48,-5,26,jethalal
60+,Kerala,76462,40,35,25,0,mehta
60+,Karnataka,64400,45,44,11,0,daya
18-22,Karnataka,185133,32,24,44,0,madhavi
60+,Bihar,160999,42,32,26,0,mehta
29-39,Maharashtra,76761,32,27,41,0,iyer
22-28,Rajasthan,262730,30,56,14,0,sodhi
18-22,Bihar,20984,48,25,27,0,mehta
18-22,Maharashtra,212625,65,20,15,0,bagha
29-39,Bihar,198832,27,54,19,0,sodhi
18-22,Delhi,61331,21,69,10,0,tapu
60+,Maharashtra,261697,24,19,57,0,champaklal
22-28,Bihar,122772,44,43,13,0,daya
18-22,Karnataka,71663,37,44,19,0,komal
22-28,Karnataka,141619,60,28,12,0,bagha
22-28,Karnataka,73511,42,25,33,0,mehta
22-28,Delhi,20503,21,59,20,0,sodhi
29-39,Maharashtra,20291,87,9,4,36,abdul
18-22,Rajasthan,133686,21,76,3,49,tapu
18-22,Bihar,292389,40,24,36,0,madhavi
22-28,Kerala,250471,23,57,20,0,daya
29-39,Karnataka,38999,89,7,4,51,abdul
29-39,Bihar,208325,21,69,10,0,babita
22-28,Maharashtra,246306,38,47,15,0,roshan
60+,Kerala,87969,24,13,63,0,champaklal
18-22,Goa,40211,25,75,0,77,tapu
60+,Rajasthan,280415,19,18,63,0,champaklal
29-39,Rajasthan,207570,25,12,63,0,popatlal
18-22,Maharashtra,266409,32,35,33,0,iyer
40-60,Kerala,92915,34,29,37,0,madhavi
40-60,Delhi,80126,41,25,34,0,madhavi
22-28,Rajasthan,246071,20,9,71,0,popatlal
60+,Karnataka,468239,32,69,-1,56,jethalal
22-28,Delhi,122345,40,40,20,0,daya
18-22,UP,134659,22,66,12,0,babita
22-28,Bihar,199032,28,4,68,0,popatlal
60+,Rajasthan,215879,20,0,80,0,popatlal
40-60,UP,138556,26,48,26,0,roshan
40-60,Goa,195004,28,31,41,0,iyer
29-39,Kerala,128136,39,27,34,0,anjali
60+,Karnataka,93750,38,11,51,0,champaklal
60+,UP,50455,49,27,24,0,mehta
18-22,Rajasthan,241809,45,24,31,0,madhavi
22-28,Kerala,87021,47,43,10,0,daya
40-60,Maharashtra,226452,44,14,42,0,bhide
18-22,Goa,103583,23,77,0,51,tapu
60+,Karnataka,251336,21,67,12,0,babita
60+,Maharashtra,103293,27,1,72,0,popatlal
40-60,Kerala,290066,55,20,25,0,anjali
22-28,UP,105780,27,-11,84,0,popatlal
60+,Rajasthan,114567,55,30,15,0,komal
60+,Karnataka,261813,30,20,50,0,champaklal
29-39,UP,124752,31,52,17,0,roshan
22-28,Bihar,276819,30,6,64,0,popatlal
60+,Karnataka,101641,20,67,13,0,babita
40-60,Bihar,274884,46,42,12,0,komal
29-39,Bihar,68459,42,47,11,0,daya
18-22,Delhi,197234,29,27,44,0,iyer
29-39,Maharashtra,284686,46,26,28,0,iyer
40-60,Goa,132281,47,36,17,0,komal
40-60,Goa,65327,41,46,13,0,daya
18-22,Rajasthan,198550,47,23,30,0,anjali
29-39,Maharashtra,467520,48,52,0,47,jethalal
60+,Karnataka,70481,31,51,18,0,sodhi
40-60,UP,78687,38,16,46,0,bhide
18-22,Karnataka,149637,47,21,32,0,mehta
60+,Maharashtra,42997,26,17,57,0,champaklal
18-22,Delhi,29696,25,72,3,54,tapu
29-39,Delhi,138905,44,20,36,0,anjali
22-28,UP,158792,58,21,21,0,mehta
40-60,Goa,220473,39,50,11,0,daya
18-22,Maharashtra,344195,42,52,6,26,jethalal
60+,Goa,31933,84,13,3,78,abdul
40-60,Karnataka,241800,30,54,16,0,sodhi
60+,Rajasthan,217992,20,19,61,0,champaklal
29-39,Rajasthan,19759,84,11,5,21,abdul
40-60,Rajasthan,266379,45,1,54,0,bhide
29-39,UP,17921,89,9,2,37,abdul
29-39,Karnataka,281415,46,23,31,0,madhavi
40-60,Kerala,30921,92,3,5,60,abdul
22-28,Bihar,294162,24,55,21,0,babita
18-22,Bihar,170166,25,68,7,46,tapu
40-60,UP,196757,23,54,23,0,roshan
22-28,Karnataka,39592,80,17,3,17,abdul
29-39,Bihar,136297,18,14,68,0,popatlal
40-60,Delhi,214688,37,31,32,0,mehta
60+,UP,215213,29,11,60,0,champaklal
60+,Kerala,247058,44,22,34,0,mehta
22-28,Bihar,156909,66,21,13,0,bagha
29-39,Kerala,144547,29,67,4,49,babita
60+,Rajasthan,297891,46,43,11,0,daya
29-39,Maharashtra,288857,20,59,21,0,sodhi
18-22,Kerala,93580,21,76,3,38,tapu
40-60,Goa,131259,52,20,28,0,mehta
40-60,Rajasthan,273319,19,56,25,0,roshan
29-39,Kerala,267984,73,13,14,0,bagha
18-22,Kerala,260698,27,27,46,0,madhavi
60+,UP,123255,27,6,67,0,champaklal
40-60,Kerala,99392,44,29,27,0,iyer
60+,Bihar,170180,60,20,20,0,mehta
18-22,Maharashtra,181239,47,42,11,0,komal
40-60,Kerala,211969,12,23,65,0,popatlal
18-22,Bihar,169101,41,32,27,0,mehta
29-39,Maharashtra,84750,35,47,18,0,roshan
40-60,Karnataka,157154,16,10,74,0,popatlal
60+,Kerala,75733,46,23,31,0,mehta
40-60,Maharashtra,181019,38,19,43,0,bhide
40-60,Kerala,55961,38,51,11,0,sodhi
40-60,UP,94965,31,54,15,0,sodhi
60+,Delhi,207313,10,30,60,0,popatlal
60+,Rajasthan,164262,28,2,70,0,popatlal
60+,Rajasthan,200718,69,18,13,0,bagha
22-28,Rajasthan,278601,45,28,27,0,mehta
22-28,Maharashtra,254509,66,24,10,0,bagha
60+,Goa,202200,24,61,15,0,babita
60+,Karnataka,159770,42,5,53,0,champaklal
18-22,Karnataka,70140,27,58,15,0,babita
22-28,Maharashtra,238837,15,60,25,0,sodhi
60+,Goa,136658,42,23,35,0,madhavi
60+,Rajasthan,159999,43,23,34,0,madhavi
18-22,Delhi,110434,30,70,0,72,tapu
60+,Kerala,275309,28,50,22,0,roshan
40-60,Kerala,263823,35,65,0,70,babita
40-60,Karnataka,247845,48,39,13,0,komal
22-28,Maharashtra,127962,39,28,33,0,mehta
22-28,Karnataka,82108,36,52,12,0,daya
60+,Kerala,227359,28,18,54,0,champaklal
29-39,Goa,145876,41,41,18,0,daya
40-60,Rajasthan,63208,21,58,21,0,roshan
60+,Delhi,54758,25,53,22,0,sodhi
60+,Bihar,112908,40,48,12,0,daya
29-39,Karnataka,65756,27,48,25,0,roshan
18-22,Rajasthan,195713,44,31,25,0,iyer
40-60,Delhi,52536,49,4,47,0,bhide
40-60,Kerala,245998,45,32,23,0,komal
40-60,Karnataka,102008,48,12,40,0,bhide
22-28,Rajasthan,125170,28,52,20,0,sodhi
22-28,Bihar,491979,63,43,-6,27,jethalal
40-60,Rajasthan,118851,22,56,22,0,roshan
40-60,Goa,77216,39,4,57,0,bhide
40-60,Bihar,156070,38,22,40,0,bhide
40-60,Kerala,78174,33,67,0,78,babita
18-22,Maharashtra,78578,31,56,13,0,sodhi
29-39,Goa,51411,15,58,27,0,roshan
22-28,Delhi,241153,36,20,44,0,madhavi
18-22,Maharashtra,121803,17,67,16,0,tapu
40-60,Rajasthan,255067,27,54,19,0,roshan
60+,Rajasthan,243060,34,55,11,0,daya
18-22,Delhi,143773,25,75,0,66,tapu
60+,Goa,40088,32,10,58,0,champaklal
60+,Goa,38556,26,26,48,0,madhavi
40-60,UP,186808,34,23,43,0,bhide
18-22,Maharashtra,113685,31,61,8,54,jethalal
60+,Maharashtra,298386,22,34,44,0,iyer
40-60,UP,99398,29,21,50,0,madhavi
22-28,UP,206660,48,21,31,0,anjali
18-22,UP,467103,40,52,8,59,jethalal
60+,Kerala,233401,18,18,64,0,popatlal
18-22,UP,187589,44,21,35,0,madhavi
22-28,Bihar,219151,42,41,17,0,komal
60+,Goa,36632,86,9,5,21,abdul
22-28,Maharashtra,424702,43,50,7,41,jethalal
18-22,Karnataka,171857,45,44,11,0,komal
40-60,Goa,237247,39,62,-1,88,jethalal
22-28,Rajasthan,119669,33,46,21,0,roshan
18-22,Rajasthan,164252,64,43,-7,76,jethalal
22-28,Karnataka,324392,36,65,-1,45,jethalal
18-22,UP,152631,23,68,9,54,tapu
18-22,Delhi,144917,20,62,18,0,tapu
29-39,Rajasthan,220986,23,51,26,0,roshan
18-22,UP,422303,42,65,-7,88,jethalal
22-28,Kerala,282664,22,53,25,0,sodhi
40-60,Maharashtra,41038,29,50,21,0,roshan
29-39,Karnataka,219149,68,24,8,26,bagha
18-22,Bihar,99288,29,61,10,0,tapu
29-39,Bihar,23503,89,6,5,16,abdul
60+,Karnataka,176603,72,23,5,17,bagha
22-28,Maharashtra,16838,92,7,1,76,abdul
18-22,Bihar,268304,47,31,22,0,komal
29-39,Goa,285411,39,21,40,0,anjali
60+,Maharashtra,217799,15,60,25,0,sodhi
40-60,Delhi,333997,32,60,8,64,jethalal
22-28,UP,35064,51,32,17,0,komal
29-39,Bihar,205041,52,20,28,0,anjali
18-22,Kerala,48965,42,33,25,0,komal
18-22,Bihar,106344,19,8,73,0,popatlal
18-22,Maharashtra,118732,41,34,25,0,iyer
29-39,Karnataka,170810,29,24,47,0,madhavi
18-22,Kerala,230957,18,60,22,0,roshan
22-28,Bihar,121741,48,24,28,0,anjali
40-60,Maharashtra,53086,18,3,79,0,popatlal
22-28,Kerala,172712,60,34,6,23,bagha
29-39,Goa,385854,54,56,-10,49,jethalal
40-60,Rajasthan,223383,51,26,23,0,mehta
60+,Maharashtra,38371,28,31,41,0,iyer
29-39,Maharashtra,69828,63,28,9,76,bagha
40-60,Delhi,162750,43,35,22,0,komal
18-22,Rajasthan,287352,38,25,37,0,madhavi
18-22,Bihar,208775,41,26,33,0,iyer
22-28,Kerala,449304,24,69,7,55,jethalal
40-60,Delhi,132144,49,7,44,0,bhide
22-28,Delhi,110190,29,27,44,0,iyer
29-39,Delhi,217020,20,0,80,0,popatlal
60+,UP,171756,30,13,57,0,champaklal
22-28,Kerala,165996,44,22,34,0,anjali
40-60,Delhi,26786,82,18,0,12,abdul
60+,Bihar,288248,31,52,17,0,roshan
22-28,Bihar,107419,25,4,71,0,popatlal
29-39,Goa,153705,34,54,12,0,sodhi
22-28,Rajasthan,208237,71,19,10,0,bagha
60+,Maharashtra,174046,29,54,17,0,sodhi
18-22,Bihar,295067,46,30,24,0,mehta
40-60,Karnataka,94581,32,53,15,0,daya
60+,Maharashtra,201109,22,13,65,0,champaklal
40-60,Delhi,139753,42,36,22,0,komal
18-22,Karnataka,59677,25,70,5,26,babita
40-60,Maharashtra,25014,43,21,36,0,madhavi
60+,Goa,64686,39,49,12,0,daya
60+,Maharashtra,197881,23,8,69,0,champaklal
40-60,Kerala,283819,61,41,-2,54,jethalal
18-22,UP,201490,30,67,3,80,tapu
40-60,Bihar,248698,32,12,56,0,bhide
40-60,Karnataka,198830,44,0,56,0,bhide
22-28,Bihar,104785,24,61,15,0,babita
18-22,Karnataka,296187,23,51,26,0,roshan
22-28,Delhi,185105,19,59,22,0,sodhi
18-22,UP,101871,46,26,28,0,mehta
18-22,Bihar,222562,41,35,24,0,komal
60+,Delhi,72704,28,59,13,0,sodhi
29-39,Karnataka,100731,68,22,10,0,bagha
22-28,Bihar,234255,42,31,27,0,iyer
60+,Maharashtra,38168,83,15,2,35,abdul
60+,Rajasthan,175347,47,30,23,0,komal
22-28,Goa,78439,28,52,20,0,daya
18-22,Goa,280583,46,31,23,0,mehta
40-60,UP,28404,24,56,20,0,roshan
40-60,Goa,424581,33,63,4,23,jethalal
18-22,Bihar,154507,47,42,11,0,daya
22-28,Karnataka,183014,41,40,19,0,daya
40-60,Maharashtra,174108,41,43,16,0,komal
22-28,Rajasthan,97704,14,24,62,0,popatlal
29-39,Maharashtra,196001,51,24,25,0,mehta
18-22,Bihar,279355,19,67,14,0,tapu
60+,Goa,203249,33,22,45,0,madhavi
18-22,Kerala,48249,17,66,17,0,tapu
22-28,Goa,340569,30,69,1,58,jethalal
18-22,UP,45636,26,60,14,0,babita
29-39,Delhi,422280,51,48,1,68,jethalal
22-28,UP,137939,67,24,9,52,bagha
60+,UP,175979,24,16,60,0,champaklal
18-22,Delhi,140543,35,26,39,0,anjali
18-22,Kerala,239139,44,28,28,0,iyer
22-28,Delhi,183003,42,28,30,0,madhavi
22-28,Bihar,233556,62,29,9,43,bagha
60+,Maharashtra,97066,51,34,15,0,komal
60+,Kerala,31475,90,8,2,63,abdul
18-22,Delhi,148956,47,23,30,0,mehta
60+,Karnataka,206503,67,20,13,0,bagha
40-60,Goa,27087,43,10,47,0,bhide
60+,Kerala,55193,28,56,16,0,babita
18-22,Goa,134222,34,30,36,0,iyer
18-22,Goa,148017,25,59,16,0,sodhi
60+,Kerala,239970,30,26,44,0,iyer
18-22,Karnataka,64209,31,57,12,0,sodhi
29-39,Goa,121178,25,55,20,0,sodhi
22-28,Goa,79902,40,54,6,19,babita
60+,Kerala,122481,20,14,66,0,champaklal
40-60,Bihar,141011,70,21,9,12,bagha
18-22,Karnataka,142044,20,77,3,12,tapu
40-60,Delhi,142162,74,14,12,0,bagha
22-28,Goa,173477,30,51,19,0,babita
40-60,Kerala,125783,14,16,70,0,popatlal
40-60,Rajasthan,26775,75,14,11,0,bagha
40-60,Karnataka,27861,80,15,5,22,abdul
60+,UP,275561,46,22,32,0,anjali
40-60,Delhi,26556,93,4,3,67,abdul
22-28,UP,52457,19,20,61,0,popatlal
29-39,Goa,298250,64,45,-9,56,jethalal
60+,Delhi,233218,35,30,35,0,anjali
29-39,Karnataka,298169,72,18,10,0,bagha
40-60,Maharashtra,45727,34,49,17,0,daya
29-39,Rajasthan,27262,15,10,75,0,popatlal
60+,Delhi,369955,50,40,10,55,jethalal
29-39,Bihar,295717,41,27,32,0,mehta
40-60,Delhi,234752,48,32,20,0,mehta
18-22,Rajasthan,24544,38,52,10,0,daya
40-60,Maharashtra,145913,39,45,16,0,daya
29-39,Kerala,169315,23,3,74,0,popatlal
18-22,Karnataka,134016,17,60,23,0,tapu
60+,Maharashtra,250549,37,48,15,0,daya
40-60,Karnataka,48236,46,31,23,0,mehta
40-60,Bihar,66188,57,21,22,0,mehta
40-60,Bihar,49962,34,53,13,0,daya
60+,Maharashtra,216198,46,43,11,0,komal
60+,Karnataka,162575,35,24,41,0,madhavi
60+,Maharashtra,293399,71,17,12,0,bagha
22-28,Delhi,412926,26,65,9,33,jethalal
40-60,Delhi,67893,44,40,16,0,komal
60+,Goa,204675,26,52,22,0,roshan
60+,Karnataka,39947,43,42,15,0,daya
40-60,Karnataka,34403,93,2,5,27,abdul
22-28,Bihar,232647,42,27,31,0,mehta
40-60,Goa,281067,54,53,-7,46,jethalal
18-22,Rajasthan,133144,19,70,11,0,tapu
22-28,Goa,95985,21,0,79,0,popatlal
22-28,Rajasthan,178100,24,6,70,0,popatlal
60+,Goa,39481,90,10,0,18,abdul
60+,Bihar,289546,25,10,65,0,champaklal
18-22,Rajasthan,470320,57,48,-5,37,jethalal
18-22,Kerala,196748,34,56,10,0,sodhi
60+,Delhi,137863,24,53,23,0,babita
40-60,Kerala,184994,38,34,28,0,iyer
40-60,Bihar,292688,39,34,27,0,iyer
29-39,UP,276829,30,64,6,75,babita
18-22,Maharashtra,204214,47,34,19,0,komal
60+,Delhi,204363,35,24,41,0,madhavi
60+,Rajasthan,23855,86,10,4,29,abdul
60+,Maharashtra,272047,29,57,14,0,sodhi
60+,Maharashtra,238383,30,35,35,0,iyer
60+,Karnataka,57732,18,12,70,0,champaklal
18-22,Karnataka,23966,30,65,5,56,tapu
60+,Kerala,105636,29,50,21,0,sodhi
40-60,Delhi,219458,18,15,67,0,popatlal
60+,Kerala,120911,16,59,25,0,sodhi
22-28,Karnataka,22519,48,26,26,0,mehta
60+,Kerala,116779,44,32,24,0,komal
60+,UP,203169,53,31,16,0,komal
22-28,Goa,252385,25,59,16,0,daya
40-60,Karnataka,252414,21,12,67,0,popatlal
60+,Delhi,61344,33,54,13,0,daya
18-22,Delhi,184079,51,37,12,0,komal
18-22,Karnataka,143425,57,33,10,0,komal
18-22,Bihar,28395,80,19,1,26,abdul
29-39,Goa,217302,37,28,35,0,mehta
22-28,UP,291479,30,27,43,0,iyer
40-60,UP,253378,23,57,20,0,sodhi
29-39,Bihar,100041,50,60,-10,49,jethalal
18-22,Delhi,257116,31,69,0,74,babita
60+,UP,74745,40,8,52,0,champaklal
40-60,Bihar,33574,82,14,4,40,abdul
60+,Rajasthan,166454,18,57,25,0,sodhi
22-28,Kerala,248344,31,61,8,43,babita
29-39,Kerala,25918,93,5,2,59,abdul
22-28,Kerala,171003,54,16,30,0,anjali
60+,Goa,288820,29,19,52,0,champaklal
29-39,Bihar,148120,41,28,31,0,anjali
29-39,Delhi,44245,56,32,12,0,komal
18-22,Goa,47547,36,27,37,0,madhavi
29-39,Bihar,165789,38,38,24,0,komal
22-28,Maharashtra,55162,32,57,11,0,babita
22-28,Goa,237421,73,12,15,0,bagha
40-60,Rajasthan,123519,36,30,34,0,anjali
18-22,Kerala,86611,26,56,18,0,sodhi
40-60,Rajasthan,58272,30,66,4,22,babita
18-22,Kerala,121106,18,73,9,77,tapu
40-60,Kerala,295635,50,18,32,0,anjali
60+,UP,66974,22,54,24,0,roshan
29-39,Maharashtra,120174,70,18,12,0,bagha
29-39,Kerala,23537,88,10,2,67,abdul
29-39,Kerala,298036,29,56,15,0,roshan
22-28,Goa,200621,56,30,14,0,komal
29-39,Goa,484726,56,45,-1,22,jethalal
29-39,Maharashtra,245269,17,5,78,0,popatlal
18-22,Delhi,192361,41,19,40,0,anjali
29-39,Maharashtra,232092,32,49,19,0,roshan
40-60,Rajasthan,214112,49,0,51,0,bhide
18-22,Karnataka,147798,39,37,24,0,komal
40-60,Rajasthan,117934,23,7,70,0,popatlal
29-39,Rajasthan,257255,50,20,30,0,anjali
29-39,Karnataka,260326,31,44,25,0,komal
18-22,Rajasthan,216122,29,50,21,0,roshan
60+,Kerala,184842,25,57,18,0,sodhi
29-39,Goa,120976,49,23,28,0,anjali
60+,Delhi,183672,29,57,14,0,sodhi
40-60,Goa,106537,42,15,43,0,bhide
18-22,Maharashtra,258326,28,72,0,36,tapu
40-60,Delhi,24121,92,7,1,53,abdul
60+,Maharashtra,269634,34,13,53,0,champaklal
22-28,Rajasthan,29808,83,12,5,63,abdul
18-22,Goa,139307,29,24,47,0,madhavi
29-39,UP,209521,12,5,83,0,popatlal
18-22,UP,215219,44,23,33,0,anjali
40-60,Karnataka,31654,32,56,12,0,daya
40-60,Maharashtra,459793,63,41,-4,55,jethalal
29-39,Maharashtra,258535,32,55,13,0,sodhi
40-60,Rajasthan,167047,34,42,24,0,komal
18-22,Rajasthan,85008,16,72,12,0,tapu
22-28,Rajasthan,122018,30,55,15,0,daya
60+,Karnataka,215209,39,10,51,0,champaklal
18-22,Bihar,109835,30,61,9,29,tapu
60+,Karnataka,249342,25,31,44,0,iyer
29-39,Goa,23433,36,21,43,0,madhavi
29-39,Maharashtra,149889,32,58,10,0,daya
60+,Goa,148843,44,41,15,0,daya
60+,Goa,141280,30,9,61,0,champaklal
40-60,Kerala,116555,39,7,54,0,bhide
60+,Maharashtra,177909,36,7,57,0,champaklal
40-60,Goa,47066,28,11,61,0,popatlal
40-60,Bihar,24646,27,58,15,0,daya
60+,Goa,296708,73,15,12,0,bagha
29-39,Karnataka,246369,30,35,35,0,iyer
22-28,UP,175031,48,40,12,0,komal
29-39,Goa,74924,37,29,34,0,iyer
60+,Goa,273050,20,18,62,0,champaklal
18-22,Bihar,118009,43,27,30,0,anjali
18-22,Bihar,233832,21,78,1,22,tapu
22-28,Kerala,98128,39,49,12,0,daya
22-28,Goa,235708,59,21,20,0,mehta
60+,Kerala,66062,26,29,45,0,madhavi
40-60,Goa,47109,44,15,41,0,bhide
29-39,Bihar,232047,36,49,15,0,daya
29-39,UP,220858,38,47,15,0,roshan
18-22,Goa,262553,20,2,78,0,popatlal
40-60,Bihar,125991,18,55,27,0,roshan
18-22,Maharashtra,171089,69,26,5,67,bagha
18-22,Maharashtra,36037,23,67,10,0,tapu
60+,Kerala,183897,53,20,27,0,anjali
40-60,Bihar,90710,47,12,41,0,bhide
60+,UP,220204,22,54,24,0,babita
22-28,Rajasthan,257391,25,58,17,0,roshan
18-22,Maharashtra,33409,88,9,3,38,abdul
22-28,Bihar,70731,25,15,60,0,popatlal
60+,Kerala,162020,51,39,10,0,komal
60+,Bihar,68953,40,26,34,0,iyer
40-60,Bihar,136632,47,28,25,0,iyer
22-28,Bihar,153003,25,51,24,0,roshan
40-60,Goa,77694,29,59,12,0,sodhi
18-22,Maharashtra,26773,26,30,44,0,madhavi
22-28,Goa,192842,42,22,36,0,anjali
60+,Karnataka,23960,80,19,1,35,abdul
40-60,Delhi,117350,38,18,44,0,bhide
29-39,Bihar,287958,25,52,23,0,sodhi
18-22,Bihar,15657,80,16,4,31,abdul
60+,UP,132454,44,6,50,0,champaklal
40-60,Rajasthan,158281,47,34,19,0,komal
60+,Maharashtra,160078,50,23,27,0,mehta
29-39,Kerala,32605,36,64,0,60,babita
40-60,Bihar,80744,34,30,36,0,madhavi
60+,Rajasthan,157427,45,29,26,0,mehta
60+,Rajasthan,65841,44,34,22,0,mehta
22-28,Delhi,124958,42,27,31,0,iyer
40-60,Goa,478893,57,44,-1,44,jethalal
60+,Bihar,65382,38,29,33,0,iyer
18-22,Goa,19958,95,5,0,65,abdul
18-22,Maharashtra,273603,42,41,17,0,komal
60+,Delhi,159074,32,21,47,0,madhavi
18-22,Maharashtra,239087,15,63,22,0,tapu
29-39,Karnataka,179847,55,52,-7,22,jethalal
60+,Rajasthan,287659,24,58,18,0,sodhi
29-39,UP,180799,34,33,33,0,iyer
18-22,UP,260394,15,79,6,15,tapu
60+,Karnataka,63761,72,22,6,51,bagha
60+,Bihar,214097,27,-3,76,0,popatlal
40-60,Maharashtra,68119,41,12,47,0,bhide
18-22,Karnataka,52775,60,30,10,0,komal
18-22,Bihar,218951,27,73,0,29,tapu
22-28,Delhi,19164,88,9,3,47,abdul
60+,UP,90791,10,22,68,0,popatlal
60+,Kerala,199595,27,49,24,0,roshan
60+,Goa,98876,22,28,50,0,madhavi
40-60,Kerala,214000,55,24,21,0,mehta
22-28,Delhi,196057,40,27,33,0,mehta
18-22,Bihar,217426,32,51,17,0,sodhi
18-22,Rajasthan,41609,19,64,17,0,tapu
60+,Bihar,265374,43,40,17,0,komal
60+,Kerala,19691,88,10,2,64,abdul
60+,Karnataka,87205,39,27,34,0,iyer
40-60,UP,280580,21,15,64,0,popatlal
60+,Delhi,36390,46,32,22,0,mehta
29-39,Goa,110077,46,20,34,0,madhavi
40-60,Rajasthan,31524,84,14,2,18,abdul
60+,Bihar,233224,29,21,50,0,madhavi
22-28,Delhi,245520,51,18,31,0,anjali
40-60,UP,200286,46,26,28,0,anjali
29-39,Delhi,232028,25,57,18,0,roshan
29-39,Delhi,250170,21,74,5,26,babita
60+,UP,53825,31,57,12,0,sodhi
40-60,Karnataka,207950,39,25,36,0,iyer
60+,UP,99995,29,53,18,0,daya
29-39,Rajasthan,38444,34,56,10,0,sodhi
40-60,Maharashtra,268033,43,25,32,0,madhavi
60+,Kerala,250322,19,59,22,0,roshan
29-39,Goa,38514,43,29,28,0,mehta
22-28,Rajasthan,80152,57,15,28,0,anjali
18-22,Bihar,275431,23,65,12,0,tapu
18-22,Rajasthan,213652,15,77,8,20,tapu
40-60,Delhi,222729,25,57,18,0,daya
40-60,Delhi,37916,37,28,35,0,iyer
40-60,Goa,295672,22,48,30,0,roshan
18-22,Maharashtra,60326,42,45,13,0,komal
29-39,Karnataka,85816,39,33,28,0,iyer
29-39,UP,274638,36,53,11,0,sodhi
29-39,UP,104105,48,31,21,0,komal
29-39,Karnataka,237946,24,54,22,0,roshan
29-39,Bihar,161513,66,21,13,0,bagha
60+,Kerala,95290,73,19,8,31,bagha
29-39,Delhi,69251,26,56,18,0,babita
40-60,Kerala,256394,22,64,14,0,babita
18-22,Kerala,147559,47,38,15,0,komal
29-39,Goa,218834,40,26,34,0,iyer
60+,Karnataka,96619,30,18,52,0,champaklal
18-22,Bihar,260978,39,47,14,0,daya
18-22,UP,67452,18,0,82,0,popatlal
40-60,Bihar,201920,31,22,47,0,madhavi
29-39,Kerala,123767,38,43,19,0,komal
40-60,Maharashtra,267717,24,57,19,0,roshan
29-39,Karnataka,39419,42,24,34,0,anjali
18-22,Goa,157755,39,30,31,0,anjali
29-39,UP,183713,49,29,22,0,mehta
22-28,UP,27811,89,6,5,15,abdul
40-60,Goa,71227,23,52,25,0,roshan
22-28,Rajasthan,80782,19,59,22,0,sodhi
60+,Goa,234624,43,27,30,0,madhavi
29-39,Karnataka,36763,32,29,39,0,iyer
22-28,Kerala,85467,46,37,17,0,komal
40-60,Delhi,265985,45,0,55,0,bhide
18-22,Bihar,20819,32,67,1,19,babita
22-28,Bihar,33864,61,30,9,60,bagha
60+,Goa,32680,29,14,57,0,champaklal
22-28,Rajasthan,252983,26,54,20,0,babita
22-28,Karnataka,144303,14,23,63,0,popatlal
60+,Kerala,180502,41,9,50,0,champaklal
18-22,Bihar,124097,56,19,25,0,anjali
40-60,Goa,61704,23,30,47,0,madhavi
40-60,UP,288125,45,0,55,0,bhide
29-39,Karnataka,28962,74,17,9,26,bagha
22-28,Maharashtra,21776,37,48,15,0,roshan
18-22,Kerala,101661,47,40,13,0,komal
22-28,Maharashtra,182186,35,45,20,0,roshan
40-60,Rajasthan,287551,46,13,41,0,bhide
18-22,Goa,26284,16,64,20,0,tapu
29-39,Maharashtra,271621,53,31,16,0,komal
40-60,Goa,149061,39,48,13,0,daya
29-39,UP,32695,45,23,32,0,anjali
18-22,Karnataka,135256,18,0,82,0,popatlal
40-60,UP,85332,30,10,60,0,bhide
29-39,Delhi,25066,95,5,0,43,abdul
22-28,Kerala,33120,89,10,1,46,abdul
60+,Goa,58816,30,14,56,0,champaklal
60+,Bihar,196497,32,55,13,0,babita
60+,Kerala,251806,20,52,28,0,babita
29-39,Delhi,298099,38,28,34,0,iyer
29-39,Rajasthan,228548,18,59,23,0,sodhi
60+,Rajasthan,62375,21,61,18,0,babita
22-28,Delhi,206614,34,26,40,0,iyer
22-28,Delhi,298087,32,56,12,0,sodhi
22-28,Delhi,191523,46,16,38,0,anjali
22-28,Maharashtra,93458,21,58,21,0,babita
40-60,Karnataka,210067,26,66,8,13,babita
29-39,Rajasthan,226696,23,33,44,0,iyer
40-60,Bihar,110086,33,29,38,0,iyer
18-22,Karnataka,206374,27,73,0,19,tapu
40-60,Maharashtra,47321,73,21,6,29,bagha
18-22,Delhi,42178,27,67,6,41,babita
18-22,Rajasthan,273775,52,37,11,0,komal
18-22,Karnataka,253938,42,56,2,37,jethalal
40-60,Kerala,293582,43,10,47,0,bhide
18-22,Delhi,75505,75,16,9,37,bagha
60+,Bihar,100936,25,11,64,0,champaklal
60+,UP,177835,36,64,0,48,babita
29-39,Rajasthan,270656,32,56,12,0,sodhi
29-39,Goa,87587,29,26,45,0,madhavi
29-39,Goa,24184,26,59,15,0,sodhi
18-22,Karnataka,23655,36,64,0,72,babita
60+,Bihar,107670,28,53,19,0,roshan
18-22,Bihar,108751,27,66,7,24,tapu
60+,Kerala,136415,65,27,8,39,bagha
60+,Karnataka,169826,27,10,63,0,champaklal
60+,Bihar,246740,22,19,59,0,champaklal
60+,Rajasthan,36439,92,6,2,73,abdul
60+,Rajasthan,57135,42,5,53,0,champaklal
18-22,Maharashtra,101495,67,19,14,0,bagha
29-39,Bihar,131125,73,21,6,53,bagha
29-39,Karnataka,129152,48,25,27,0,iyer
40-60,Kerala,119086,39,44,17,0,komal
60+,Bihar,53004,19,13,68,0,champaklal
40-60,Bihar,119826,38,16,46,0,bhide
29-39,Kerala,112115,19,56,25,0,roshan
40-60,Kerala,142960,37,23,40,0,madhavi
60+,Kerala,290037,30,58,12,0,daya
29-39,Goa,102978,55,18,27,0,anjali
40-60,Maharashtra,62521,52,20,28,0,anjali
29-39,Rajasthan,235793,41,19,40,0,anjali
18-22,Goa,239001,20,74,6,56,tapu
29-39,UP,107762,67,43,-10,83,jethalal
60+,Bihar,246423,16,14,70,0,champaklal
60+,Bihar,97482,43,27,30,0,anjali
40-60,Kerala,167389,41,0,59,0,bhide
40-60,Karnataka,49251,30,31,39,0,iyer
22-28,Kerala,21903,92,4,4,11,abdul
29-39,Goa,98804,23,63,14,0,babita
18-22,Delhi,142318,74,14,12,0,bagha
22-28,Karnataka,188095,26,55,19,0,sodhi
22-28,Delhi,142184,24,6,70,0,popatlal
60+,Maharashtra,270111,36,42,22,0,komal
22-28,Kerala,26086,50,21,29,0,mehta
22-28,Kerala,226256,33,68,-1,84,jethalal
29-39,Goa,27287,92,6,2,61,abdul
22-28,UP,63972,35,33,32,0,mehta
22-28,Maharashtra,229189,34,66,0,47,babita
18-22,UP,98464,57,18,25,0,anjali
22-28,Maharashtra,162443,39,61,0,63,babita
18-22,Karnataka,104647,60,30,10,0,bagha
18-22,Delhi,180063,23,77,0,41,tapu
60+,Delhi,247967,15,20,65,0,popatlal
60+,Bihar,250994,33,9,58,0,champaklal
22-28,UP,16849,86,10,4,15,abdul
40-60,Karnataka,148297,27,60,13,0,babita
18-22,Kerala,25321,89,9,2,10,abdul
22-28,Maharashtra,172569,34,34,32,0,mehta
40-60,Rajasthan,76894,30,55,15,0,sodhi
40-60,UP,383358,42,53,5,75,jethalal
40-60,Maharashtra,35863,49,34,17,0,komal
60+,Maharashtra,27558,14,9,77,0,popatlal
22-28,Rajasthan,281501,40,33,27,0,iyer
60+,Bihar,216566,49,21,30,0,anjali
29-39,Rajasthan,234584,24,51,25,0,roshan
18-22,Rajasthan,244453,36,55,9,31,jethalal
60+,Delhi,93691,25,15,60,0,champaklal
18-22,Goa,95270,54,21,25,0,anjali
29-39,Kerala,116188,41,25,34,0,iyer
29-39,Goa,45636,36,48,16,0,daya
18-22,UP,21466,16,3,81,0,popatlal
29-39,Delhi,92142,37,48,15,0,daya
22-28,Goa,149698,30,49,21,0,roshan
29-39,Maharashtra,236297,23,27,50,0,madhavi
18-22,Goa,165543,28,53,19,0,babita
18-22,Maharashtra,45211,22,65,13,0,tapu
29-39,Maharashtra,292061,11,10,79,0,popatlal
18-22,Kerala,178666,54,44,2,39,jethalal
22-28,Karnataka,43470,22,54,24,0,sodhi
40-60,UP,275980,58,32,10,0,komal
29-39,UP,202885,63,43,-6,58,jethalal
60+,Kerala,211990,32,50,18,0,roshan
40-60,Rajasthan,183081,66,24,10,0,bagha
40-60,Bihar,56391,41,0,59,0,bhide
60+,Maharashtra,73855,25,17,58,0,champaklal
18-22,Karnataka,269753,22,3,75,0,popatlal
40-60,Kerala,215441,37,45,18,0,komal
18-22,Bihar,120302,42,30,28,0,iyer
40-60,Kerala,42502,37,48,15,0,roshan
40-60,Delhi,198269,67,25,8,53,bagha
18-22,Kerala,32748,38,27,35,0,mehta
22-28,Bihar,18746,95,3,2,26,abdul
22-28,Maharashtra,158823,48,26,26,0,mehta
40-60,Delhi,276375,20,12,68,0,popatlal
18-22,Bihar,164095,21,66,13,0,tapu
60+,Maharashtra,37195,89,9,2,71,abdul
22-28,Karnataka,185994,35,26,39,0,anjali
40-60,Bihar,22687,88,11,1,54,abdul
40-60,Karnataka,20681,31,11,58,0,bhide
29-39,Kerala,129544,35,51,14,0,sodhi
40-60,Maharashtra,250465,48,32,20,0,mehta
40-60,Bihar,247701,33,54,13,0,sodhi
29-39,Karnataka,352378,37,70,-7,63,jethalal
18-22,Kerala,121510,29,65,6,49,tapu
18-22,Rajasthan,87300,19,69,12,0,tapu
29-39,Delhi,41281,69,19,12,0,bagha
60+,Kerala,93563,23,20,57,0,champaklal
22-28,Delhi,172019,28,32,40,0,iyer
40-60,Rajasthan,55259,47,-2,55,0,bhide
60+,UP,128354,30,19,51,0,champaklal
18-22,Karnataka,106152,21,59,20,0,daya
40-60,Bihar,235802,39,41,20,0,komal
40-60,Rajasthan,71230,46,6,48,0,bhide
18-22,Goa,114894,21,7,72,0,popatlal
60+,Rajasthan,159704,30,59,11,0,babita
29-39,Goa,162816,25,59,16,0,roshan
22-28,Bihar,39162,82,14,4,42,abdul
40-60,UP,286579,30,16,54,0,bhide
40-60,Bihar,164787,15,59,26,0,roshan
40-60,UP,174666,34,13,53,0,bhide
18-22,UP,289541,25,71,4,28,tapu
40-60,Maharashtra,215780,35,48,17,0,roshan
40-60,Maharashtra,81704,41,8,51,0,bhide
29-39,Delhi,173526,43,48,9,54,jethalal
29-39,Kerala,81858,74,14,12,0,bagha
22-28,Karnataka,235087,22,61,17,0,babita
29-39,Kerala,194287,21,68,11,0,babita
60+,Kerala,92512,32,56,12,0,sodhi
29-39,Goa,87250,29,54,17,0,daya
29-39,Karnataka,217236,23,55,22,0,roshan
40-60,Maharashtra,265395,31,25,44,0,bhide
29-39,Goa,72346,14,56,30,0,roshan
40-60,Rajasthan,244050,37,3,60,0,bhide
22-28,Bihar,449315,36,55,9,47,jethalal
18-22,Delhi,73502,21,78,1,26,tapu
40-60,Kerala,132609,74,13,13,0,bagha
40-60,Rajasthan,241117,74,14,12,0,bagha
18-22,Maharashtra,471348,38,65,-3,74,jethalal
40-60,Goa,37083,95,4,1,70,abdul
18-22,Kerala,23159,28,54,18,0,roshan
22-28,UP,252437,58,32,10,0,komal
22-28,Rajasthan,247748,51,57,-8,22,jethalal
60+,UP,260376,38,47,15,0,roshan
60+,Goa,204326,33,10,57,0,champaklal
22-28,Karnataka,184529,22,52,26,0,roshan
60+,UP,178978,27,4,69,0,popatlal
18-22,Maharashtra,123898,28,25,47,0,madhavi
40-60,Goa,296202,26,50,24,0,babita
60+,UP,183199,27,5,68,0,popatlal
29-39,UP,217680,45,55,0,77,jethalal
18-22,Bihar,137179,17,57,26,0,roshan
22-28,Maharashtra,121053,30,50,20,0,babita
60+,Karnataka,223809,29,27,44,0,iyer
60+,Kerala,219881,36,22,42,0,madhavi
60+,Rajasthan,97049,31,51,18,0,daya
60+,Rajasthan,38333,35,21,44,0,madhavi
40-60,Kerala,252088,38,29,33,0,anjali
22-28,Kerala,61085,25,50,25,0,babita
40-60,Goa,229360,33,29,38,0,iyer
60+,Delhi,164255,43,27,30,0,mehta
60+,Rajasthan,36449,91,9,0,34,abdul
60+,Kerala,41284,48,42,10,0,daya
22-28,Kerala,287673,37,26,37,0,iyer
40-60,Goa,213168,12,58,30,0,roshan
60+,Delhi,252005,24,19,57,0,champaklal
60+,Karnataka,77429,26,20,54,0,champaklal
40-60,Maharashtra,361187,34,60,6,71,jethalal
29-39,Maharashtra,42122,53,23,24,0,mehta
18-22,UP,65566,29,71,0,73,tapu
40-60,Bihar,26699,49,-9,60,0,bhide
40-60,Rajasthan,49378,37,30,33,0,iyer
18-22,Maharashtra,112045,38,29,33,0,madhavi
60+,Rajasthan,272763,38,35,27,0,mehta
40-60,Bihar,163839,25,34,41,0,iyer
60+,Goa,386009,54,47,-1,35,jethalal
18-22,Maharashtra,160472,37,24,39,0,anjali
60+,Goa,192234,30,13,57,0,champaklal
18-22,Rajasthan,120547,10,18,72,0,popatlal
18-22,UP,61662,43,22,35,0,mehta
29-39,Bihar,105826,49,58,-7,43,jethalal
60+,Maharashtra,141004,49,41,10,34,jethalal
22-28,Delhi,499753,49,59,-8,61,jethalal
60+,Karnataka,86427,27,57,16,0,sodhi
22-28,Goa,210013,23,57,20,0,babita
60+,Goa,86770,20,58,22,0,babita
29-39,Bihar,250264,71,23,6,34,bagha
40-60,Delhi,108319,34,11,55,0,bhide
18-22,Rajasthan,152104,42,26,32,0,anjali
18-22,Rajasthan,65669,49,27,24,0,mehta
40-60,Rajasthan,279206,32,26,42,0,iyer
18-22,Kerala,196251,18,80,2,37,tapu
40-60,Karnataka,285626,19,17,64,0,popatlal
18-22,Karnataka,181472,55,16,29,0,anjali
40-60,Karnataka,219687,31,53,16,0,roshan
60+,Bihar,239524,42,32,26,0,iyer
22-28,Karnataka,246220,39,61,0,57,babita
60+,Kerala,168896,37,46,17,0,daya
18-22,Goa,236817,59,30,11,0,komal
18-22,Kerala,119787,57,31,12,0,komal
29-39,Bihar,222115,52,27,21,0,mehta
60+,Maharashtra,198955,38,8,54,0,champaklal
22-28,Delhi,28942,39,32,29,0,mehta
22-28,Kerala,229316,48,32,20,0,mehta
60+,Rajasthan,227143,44,39,17,0,komal
60+,Karnataka,191493,61,34,5,29,bagha
29-39,Karnataka,275662,56,22,22,0,mehta
60+,UP,24656,21,19,60,0,champaklal
18-22,Bihar,228920,26,48,26,0,roshan
18-22,UP,179826,27,64,9,11,tapu
29-39,Bihar,292188,41,26,33,0,anjali
60+,Bihar,283692,31,69,0,21,jethalal
40-60,Kerala,224308,39,6,55,0,bhide
22-28,Delhi,173348,49,17,34,0,anjali
22-28,Delhi,294059,34,32,34,0,iyer
40-60,Bihar,117236,39,30,31,0,mehta
40-60,Kerala,25086,42,0,58,0,bhide
40-60,Bihar,288183,45,27,28,0,anjali
29-39,Maharashtra,183330,37,26,37,0,madhavi
40-60,UP,296793,40,24,36,0,madhavi
18-22,Delhi,196420,30,30,40,0,anjali
18-22,Kerala,209574,20,57,23,0,sodhi
18-22,Maharashtra,99774,65,23,12,0,bagha
22-28,Bihar,64846,33,51,16,0,sodhi
40-60,UP,76545,23,57,20,0,roshan
18-22,UP,102227,17,72,11,0,tapu
22-28,Delhi,155347,43,30,27,0,anjali
60+,Delhi,29162,82,14,4,57,abdul
60+,Goa,451494,52,46,2,45,jethalal
22-28,Kerala,242082,30,54,16,0,roshan
60+,Goa,196380,45,29,26,0,mehta
60+,Goa,251076,45,36,19,0,komal
40-60,Delhi,286571,30,13,57,0,bhide
29-39,Bihar,38480,48,41,11,0,komal
40-60,Maharashtra,67995,30,29,41,0,bhide
40-60,UP,28434,80,16,4,35,abdul
29-39,Delhi,26011,29,28,43,0,madhavi
29-39,Rajasthan,430703,58,50,-8,20,jethalal
29-39,Karnataka,256487,27,54,19,0,daya
18-22,Bihar,249908,59,31,10,0,komal
18-22,Delhi,66625,16,76,8,34,tapu
22-28,Goa,126350,33,67,0,15,babita
22-28,Goa,44409,40,25,35,0,mehta
60+,Bihar,107791,47,30,23,0,komal
29-39,Kerala,415226,48,56,-4,90,jethalal
22-28,Kerala,253301,66,23,11,0,bagha
60+,UP,114494,35,28,37,0,anjali
22-28,Maharashtra,159605,28,-8,80,0,popatlal
22-28,Karnataka,152692,34,26,40,0,iyer
60+,Karnataka,158291,32,63,5,19,babita
22-28,Goa,33215,90,5,5,53,abdul
18-22,UP,119851,30,70,0,59,tapu
29-39,Goa,147012,19,0,81,0,popatlal
29-39,Kerala,215895,50,23,27,0,anjali
18-22,Karnataka,175372,33,47,20,0,roshan
18-22,Karnataka,52003,21,65,14,0,tapu
18-22,UP,233782,32,53,15,0,daya
18-22,Bihar,36931,73,21,6,50,bagha
18-22,Kerala,75123,16,71,13,0,tapu
22-28,UP,257067,62,30,8,45,bagha
22-28,Karnataka,101214,30,65,5,66,babita
18-22,Karnataka,248100,40,29,31,0,madhavi
22-28,UP,287290,43,27,30,0,madhavi
29-39,Delhi,119200,40,55,5,28,babita
18-22,Bihar,201946,34,53,13,0,sodhi
60+,Rajasthan,284167,28,46,26,0,roshan
29-39,Bihar,264486,24,35,41,0,iyer
18-22,Delhi,154982,29,71,0,76,tapu
40-60,Kerala,90786,41,8,51,0,bhide
18-22,Bihar,183110,28,28,44,0,iyer
29-39,Kerala,132700,70,23,7,57,bagha
40-60,Delhi,227301,14,58,28,0,roshan
60+,Goa,179038,42,30,28,0,anjali
18-22,Rajasthan,174695,16,61,23,0,tapu
40-60,Delhi,169486,39,3,58,0,bhide
60+,Karnataka,210715,35,55,10,0,daya
60+,Maharashtra,281370,24,59,17,0,daya
18-22,UP,100902,47,20,33,0,mehta
29-39,Rajasthan,210041,22,16,62,0,popatlal
18-22,Delhi,82130,27,67,6,69,tapu
18-22,UP,209651,12,60,28,0,roshan
22-28,Rajasthan,298904,30,27,43,0,iyer
40-60,Karnataka,98562,47,43,10,0,daya
40-60,Maharashtra,270152,22,49,29,0,roshan
40-60,Rajasthan,172940,66,27,7,56,bagha
60+,Delhi,287208,30,12,58,0,champaklal
18-22,Rajasthan,24950,90,6,4,48,abdul
18-22,Rajasthan,34350,95,5,0,39,abdul
60+,Rajasthan,219960,45,32,23,0,mehta
40-60,Bihar,84396,40,35,25,0,iyer
40-60,Rajasthan,43864,35,24,41,0,bhide
29-39,UP,78165,26,56,18,0,roshan
18-22,Karnataka,120414,21,62,17,0,tapu
18-22,Maharashtra,196695,25,68,7,26,tapu
22-28,Rajasthan,259508,41,24,35,0,mehta
60+,Kerala,196947,43,24,33,0,anjali
60+,UP,19811,82,15,3,62,abdul
40-60,Goa,297933,27,25,48,0,madhavi
22-28,Delhi,207882,38,22,40,0,madhavi
22-28,Kerala,104805,42,27,31,0,iyer
22-28,Delhi,154280,47,34,19,0,komal
18-22,UP,67940,27,73,0,29,tapu
40-60,Bihar,54933,36,24,40,0,madhavi
29-39,Delhi,202139,38,50,12,0,sodhi
18-22,Bihar,40474,40,33,27,0,mehta
60+,Kerala,245012,21,15,64,0,champaklal
18-22,Bihar,293295,53,19,28,0,anjali
22-28,UP,115859,18,17,65,0,popatlal
29-39,Delhi,74232,37,31,32,0,mehta
22-28,UP,87634,43,29,28,0,iyer
29-39,Karnataka,204584,33,44,23,0,komal
60+,Kerala,160069,20,59,21,0,sodhi
40-60,Maharashtra,227107,45,5,50,0,bhide
18-22,Bihar,219974,17,63,20,0,tapu
18-22,Goa,76526,69,23,8,24,bagha
40-60,Goa,101699,32,57,11,0,sodhi
40-60,Kerala,125681,48,39,13,0,komal
29-39,Kerala,269248,33,56,11,0,daya
40-60,UP,135555,37,11,52,0,bhide
40-60,Karnataka,144859,23,59,18,0,roshan
22-28,UP,43889,37,30,33,0,iyer
18-22,Kerala,36145,38,45,17,0,komal
60+,Rajasthan,136436,11,19,70,0,champaklal
18-22,Karnataka,232004,17,78,5,47,tapu
22-28,Delhi,176855,38,58,4,77,babita
40-60,Karnataka,251460,39,61,0,62,babita
29-39,Goa,36791,30,54,16,0,sodhi
29-39,Goa,45575,69,20,11,0,bagha
18-22,Goa,68616,30,58,12,0,sodhi
29-39,Karnataka,178603,30,47,23,0,roshan
18-22,Maharashtra,252239,29,54,17,0,sodhi
22-28,Goa,236375,51,25,24,0,mehta
29-39,Rajasthan,356371,36,67,-3,50,jethalal
29-39,Rajasthan,238488,28,49,23,0,roshan
18-22,Karnataka,42003,30,26,44,0,iyer
40-60,Karnataka,53625,50,33,17,0,komal
22-28,Kerala,169439,24,59,17,0,roshan
40-60,Karnataka,186456,22,59,19,0,sodhi
60+,Karnataka,296524,43,44,13,0,daya
22-28,Rajasthan,29039,10,6,84,0,popatlal
40-60,Rajasthan,127969,40,49,11,0,daya
18-22,UP,189525,15,7,78,0,popatlal
18-22,Karnataka,206463,40,30,30,0,mehta
40-60,UP,225514,31,17,52,0,bhide
29-39,Bihar,280754,32,35,33,0,iyer
18-22,Bihar,129913,29,27,44,0,madhavi
18-22,UP,83104,26,72,2,58,tapu
40-60,Bihar,187729,57,22,21,0,mehta
29-39,Rajasthan,130569,40,33,27,0,iyer
18-22,UP,36640,34,32,34,0,iyer
60+,Kerala,135103,25,9,66,0,champaklal
29-39,Rajasthan,54747,14,4,82,0,popatlal
40-60,Maharashtra,206904,35,21,44,0,bhide
40-60,Delhi,131156,10,14,76,0,popatlal
22-28,Rajasthan,158082,31,56,13,0,sodhi
22-28,Bihar,214529,18,20,62,0,popatlal
40-60,Kerala,144466,30,55,15,0,sodhi
60+,Goa,173836,22,9,69,0,champaklal
18-22,Karnataka,181152,20,7,73,0,popatlal
22-28,Goa,34694,87,10,3,14,abdul
18-22,Delhi,56345,37,44,19,0,komal
29-39,UP,259650,22,73,5,72,babita
40-60,UP,107614,14,56,30,0,roshan
60+,Goa,283906,27,20,53,0,champaklal
60+,Bihar,169713,18,14,68,0,champaklal
22-28,Karnataka,253714,29,58,13,0,daya
18-22,Delhi,103558,20,60,20,0,daya
40-60,Kerala,289470,67,21,12,0,bagha
60+,Delhi,175799,25,5,70,0,champaklal
18-22,Goa,147847,29,60,11,0,tapu
60+,Maharashtra,41665,13,20,67,0,champaklal
60+,Delhi,111103,36,13,51,0,champaklal
22-28,Rajasthan,134114,30,58,12,0,daya
60+,Karnataka,25986,93,5,2,56,abdul
60+,Karnataka,22417,88,12,0,63,abdul
18-22,Delhi,145309,38,42,20,0,daya
40-60,Goa,265612,40,18,42,0,bhide
60+,UP,237427,67,27,6,45,bagha
29-39,Goa,458825,42,56,2,22,jethalal
18-22,Goa,150740,23,50,27,0,babita
40-60,UP,77773,38,26,36,0,anjali
22-28,Karnataka,159314,38,34,28,0,iyer
29-39,Karnataka,93808,66,24,10,0,bagha
29-39,Rajasthan,25800,85,10,5,41,abdul
60+,Goa,186968,16,58,26,0,roshan
40-60,Kerala,230834,40,19,41,0,bhide
60+,Goa,270353,58,30,12,0,komal
18-22,UP,366957,53,52,-5,25,jethalal
60+,Karnataka,87934,30,6,64,0,champaklal
60+,Maharashtra,270622,19,20,61,0,champaklal
40-60,Maharashtra,194132,72,23,5,27,bagha
29-39,Bihar,152542,28,63,9,29,jethalal
60+,Goa,42574,34,5,61,0,champaklal
60+,Rajasthan,406879,50,54,-4,36,jethalal
18-22,Bihar,226079,27,50,23,0,roshan
60+,Rajasthan,242510,33,47,20,0,roshan
18-22,Delhi,293699,16,61,23,0,tapu
60+,Rajasthan,107886,64,30,6,62,bagha
60+,Karnataka,140815,38,42,20,0,komal
22-28,Goa,295442,46,25,29,0,iyer
18-22,Delhi,251862,24,73,3,35,tapu
18-22,UP,26484,87,13,0,77,abdul
22-28,Kerala,236963,26,52,22,0,sodhi
60+,Kerala,172103,18,18,64,0,champaklal
18-22,Goa,191063,37,63,0,28,babita
40-60,Rajasthan,53951,33,7,60,0,bhide
18-22,Maharashtra,246196,50,33,17,0,komal
22-28,UP,297110,26,55,19,0,roshan
60+,Maharashtra,149697,26,73,1,34,babita
29-39,Delhi,27915,86,10,4,32,abdul
29-39,Bihar,216538,34,70,-4,83,jethalal
18-22,Maharashtra,176436,23,61,16,0,babita
22-28,Delhi,101559,29,32,39,0,iyer
29-39,Goa,17565,88,8,4,17,abdul
18-22,Delhi,275949,21,-2,81,0,popatlal
40-60,Karnataka,64143,36,5,59,0,bhide
22-28,Bihar,276862,29,26,45,0,iyer
18-22,Delhi,233858,25,67,8,42,tapu
22-28,Karnataka,36719,33,42,25,0,komal
22-28,Goa,74865,33,46,21,0,roshan
22-28,Delhi,201298,48,61,-9,30,jethalal
40-60,Kerala,191473,33,51,16,0,sodhi
60+,Bihar,184479,22,8,70,0,champaklal
18-22,Kerala,241257,68,23,9,33,bagha
22-28,Goa,233886,40,69,-9,65,jethalal
18-22,Goa,87215,64,28,8,20,bagha
22-28,Delhi,299748,31,26,43,0,iyer
29-39,UP,70295,39,47,14,0,daya
18-22,Delhi,179299,27,63,10,0,tapu
22-28,Delhi,136676,23,58,19,0,daya
29-39,Rajasthan,126830,44,25,31,0,iyer
22-28,Bihar,18302,83,17,0,56,abdul
29-39,UP,19141,85,10,5,40,abdul
40-60,Bihar,105905,49,20,31,0,mehta
29-39,Maharashtra,170740,37,22,41,0,madhavi
60+,Maharashtra,156946,39,29,32,0,anjali
40-60,Maharashtra,200258,38,59,3,28,babita
18-22,Bihar,30051,81,16,3,26,abdul
60+,Goa,201317,33,11,56,0,champaklal
60+,Delhi,193812,28,57,15,0,roshan
29-39,Karnataka,27392,18,0,82,0,popatlal
60+,Bihar,62266,31,16,53,0,champaklal
40-60,Bihar,84980,48,3,49,0,bhide
29-39,Rajasthan,22190,85,13,2,80,abdul
40-60,Bihar,183219,24,0,76,0,popatlal
29-39,Rajasthan,171566,38,62,0,22,jethalal
29-39,Goa,208913,59,30,11,0,komal
60+,Bihar,108146,32,12,56,0,champaklal
60+,Maharashtra,120706,17,15,68,0,champaklal
60+,Bihar,163870,75,10,15,0,bagha
18-22,Goa,102239,39,46,15,0,roshan
18-22,Maharashtra,70431,28,52,20,0,sodhi
22-28,Maharashtra,132611,42,26,32,0,anjali
29-39,Rajasthan,214814,23,57,20,0,sodhi
60+,Delhi,154395,26,12,62,0,champaklal
18-22,UP,29903,15,75,10,0,tapu
40-60,Bihar,171173,33,16,51,0,bhide
40-60,UP,92661,38,2,60,0,bhide
18-22,Goa,220714,22,63,15,0,tapu
40-60,Bihar,38930,83,14,3,43,abdul
40-60,Kerala,200345,17,5,78,0,popatlal
40-60,UP,252193,54,19,27,0,anjali
60+,Karnataka,101339,28,13,59,0,champaklal
40-60,Goa,156378,57,23,20,0,mehta
22-28,UP,210948,68,18,14,0,bagha
18-22,Rajasthan,231299,59,30,11,0,komal
40-60,UP,214096,46,9,45,0,bhide
40-60,UP,54911,42,0,58,0,bhide
22-28,Rajasthan,242325,71,15,14,0,bagha
22-28,Maharashtra,365334,55,55,-10,68,jethalal
40-60,Rajasthan,68076,22,60,18,0,daya
40-60,Delhi,140361,49,2,49,0,bhide
22-28,Goa,203649,29,22,49,0,madhavi
18-22,Goa,274465,25,60,15,0,tapu
18-22,UP,178579,27,64,9,76,tapu
22-28,Maharashtra,105490,47,31,22,0,komal
29-39,Bihar,196675,16,23,61,0,popatlal
29-39,Karnataka,139358,44,48,8,59,jethalal
18-22,Bihar,117693,21,61,18,0,tapu
18-22,Goa,238798,17,78,5,76,tapu
22-28,Maharashtra,290520,34,33,33,0,mehta
60+,Kerala,428060,46,63,-9,81,jethalal
18-22,Goa,212378,30,70,0,50,tapu
22-28,Karnataka,285182,47,24,29,0,anjali
29-39,Bihar,278069,52,35,13,0,komal
60+,Rajasthan,209191,30,31,39,0,iyer
40-60,Kerala,174147,40,40,20,0,daya
40-60,Delhi,62810,25,31,44,0,iyer
40-60,Rajasthan,232855,43,38,19,0,komal
18-22,Delhi,134399,19,68,13,0,tapu
40-60,Karnataka,128329,25,47,28,0,roshan
40-60,Kerala,193497,30,50,20,0,daya
60+,Maharashtra,237756,28,50,22,0,roshan
22-28,UP,93531,43,23,34,0,madhavi
40-60,Maharashtra,154080,33,8,59,0,bhide
40-60,Delhi,199958,44,28,28,0,anjali
40-60,UP,288266,42,28,30,0,mehta
18-22,Kerala,143926,60,27,13,0,bagha
18-22,Rajasthan,258704,23,67,10,0,tapu
22-28,Maharashtra,66866,42,34,24,0,komal
60+,Bihar,43416,66,22,12,0,bagha
60+,Maharashtra,189987,26,10,64,0,champaklal
22-28,Rajasthan,157723,39,38,23,0,komal
18-22,Goa,76225,46,41,13,0,daya
22-28,Goa,99712,46,33,21,0,komal
29-39,Bihar,169100,13,10,77,0,popatlal
60+,Kerala,141881,26,28,46,0,madhavi
18-22,Karnataka,228873,28,63,9,24,tapu
22-28,Rajasthan,223541,21,35,44,0,iyer
29-39,Rajasthan,61649,29,25,46,0,madhavi
18-22,Maharashtra,125450,39,29,32,0,anjali
29-39,Kerala,270026,20,55,25,0,roshan
18-22,Delhi,72633,63,32,5,49,bagha
40-60,Bihar,88665,10,9,81,0,popatlal
60+,Karnataka,220798,51,19,30,0,anjali
29-39,Maharashtra,279890,48,27,25,0,mehta
60+,Delhi,269844,32,30,38,0,anjali
18-22,Goa,128801,39,31,30,0,iyer
29-39,Bihar,168243,46,23,31,0,mehta
18-22,Maharashtra,213237,28,49,23,0,roshan
60+,Maharashtra,162663,40,45,15,0,daya
40-60,Karnataka,234580,44,25,31,0,mehta
40-60,Kerala,67982,33,29,38,0,madhavi
18-22,Delhi,183915,32,23,45,0,madhavi
60+,Maharashtra,249750,40,22,38,0,anjali
22-28,Delhi,119626,33,68,-1,48,jethalal
22-28,Delhi,182069,19,56,25,0,sodhi
40-60,Delhi,15068,90,8,2,61,abdul
22-28,Delhi,116986,43,21,36,0,anjali
60+,Maharashtra,214023,37,38,25,0,komal
22-28,UP,236279,53,17,30,0,anjali
18-22,Karnataka,103188,47,21,32,0,anjali
22-28,Bihar,37826,81,17,2,37,abdul
22-28,Goa,253050,30,50,20,0,sodhi
60+,Maharashtra,233888,23,29,48,0,madhavi
40-60,Rajasthan,207143,70,21,9,27,bagha
60+,Goa,53003,29,60,11,0,daya
60+,Goa,429854,42,67,-9,78,jethalal
40-60,Bihar,246169,34,46,20,0,daya
29-39,Bihar,23269,28,29,43,0,madhavi
22-28,Rajasthan,123711,46,22,32,0,anjali
40-60,UP,108077,62,33,5,48,bagha
60+,Rajasthan,84702,27,55,18,0,roshan
40-60,Bihar,79404,32,50,18,0,daya
40-60,Delhi,68208,42,41,17,0,daya
40-60,Bihar,248635,22,54,24,0,sodhi
22-28,Bihar,129956,25,53,22,0,sodhi
40-60,Maharashtra,280173,47,0,53,0,bhide
60+,Maharashtra,63839,22,13,65,0,champaklal
29-39,Kerala,57730,19,54,27,0,roshan
29-39,Delhi,325673,38,57,5,67,jethalal
18-22,Maharashtra,103699,35,34,31,0,iyer
60+,Goa,52249,42,35,23,0,mehta
40-60,Bihar,102188,34,41,25,0,komal
18-22,UP,89584,29,71,0,26,tapu
29-39,Maharashtra,289279,21,59,20,0,daya
18-22,Maharashtra,35394,53,16,31,0,anjali
60+,Delhi,169558,46,36,18,0,komal
22-28,Delhi,36057,88,10,2,34,abdul
22-28,Kerala,92137,74,11,15,0,bagha
60+,Maharashtra,50085,42,31,27,0,mehta
60+,Kerala,292315,75,19,6,50,bagha
60+,Kerala,144507,28,11,61,0,champaklal
60+,Maharashtra,88457,28,72,0,47,babita
40-60,UP,265572,38,20,42,0,madhavi
29-39,Goa,79488,30,30,40,0,madhavi
29-39,Karnataka,22710,37,53,10,0,sodhi
18-22,UP,213815,39,31,30,0,iyer
18-22,UP,252038,30,33,37,0,iyer
40-60,Delhi,40640,61,34,5,49,bagha
29-39,Maharashtra,252191,36,42,22,0,komal
22-28,Rajasthan,71447,33,27,40,0,anjali
60+,Rajasthan,145866,27,14,59,0,champaklal
18-22,Goa,186135,37,45,18,0,daya
40-60,Bihar,66308,46,24,30,0,mehta
22-28,Karnataka,103986,56,44,0,44,jethalal
29-39,Rajasthan,70029,38,60,2,53,babita
18-22,Goa,440428,43,48,9,73,jethalal
18-22,Rajasthan,210828,65,21,14,0,bagha
22-28,Kerala,182999,13,59,28,0,roshan
60+,Rajasthan,203336,39,61,0,70,babita
18-22,Goa,273160,42,35,23,0,komal
60+,Kerala,37820,82,13,5,59,abdul
18-22,Rajasthan,296594,31,53,16,0,roshan
40-60,Rajasthan,203631,20,75,5,55,babita
29-39,UP,164871,49,21,30,0,mehta
18-22,Kerala,126520,30,63,7,21,tapu
22-28,Goa,164577,31,52,17,0,sodhi
29-39,Goa,109567,70,25,5,60,bagha
40-60,Goa,118860,43,-1,58,0,bhide
60+,Goa,205167,18,14,68,0,champaklal
18-22,UP,185757,41,45,14,0,komal
29-39,Rajasthan,174635,32,26,42,0,madhavi
18-22,Maharashtra,98751,21,60,19,0,sodhi
22-28,Bihar,96552,40,51,9,17,babita
22-28,Delhi,262636,23,34,43,0,iyer
40-60,Kerala,238046,53,36,11,0,komal
60+,Delhi,127103,46,23,31,0,mehta
22-28,Rajasthan,189305,33,54,13,0,sodhi
29-39,UP,38552,48,15,37,0,anjali
40-60,Delhi,124449,20,54,26,0,babita
40-60,Goa,111504,35,30,35,0,mehta
18-22,UP,214792,22,49,29,0,roshan
29-39,Karnataka,210206,50,24,26,0,mehta
60+,Bihar,293506,15,56,29,0,roshan
60+,UP,253398,41,26,33,0,madhavi
22-28,Kerala,152903,39,27,34,0,anjali
22-28,Kerala,230812,28,35,37,0,iyer
22-28,Delhi,232751,22,70,8,24,babita
60+,Delhi,112083,21,20,59,0,champaklal
40-60,Kerala,243754,27,52,21,0,sodhi
40-60,Rajasthan,81267,32,14,54,0,bhide
29-39,Goa,92301,37,24,39,0,anjali
29-39,Bihar,437344,23,68,9,35,jethalal
29-39,Rajasthan,70396,18,60,22,0,sodhi
40-60,Maharashtra,282798,32,47,21,0,roshan
29-39,UP,30169,88,12,0,75,abdul
60+,Bihar,242490,20,56,24,0,babita
18-22,Maharashtra,213230,44,32,24,0,komal
29-39,Karnataka,17187,91,6,3,13,abdul
22-28,Goa,265719,42,54,4,59,jethalal
22-28,Kerala,392590,55,44,1,53,jethalal
29-39,Delhi,244170,55,22,23,0,mehta
18-22,Delhi,126057,64,28,8,37,bagha
40-60,Kerala,255343,37,31,32,0,iyer
18-22,Maharashtra,23505,92,7,1,67,abdul
40-60,Kerala,129205,44,4,52,0,bhide
22-28,Delhi,293958,48,37,15,0,komal
22-28,Rajasthan,167817,25,32,43,0,iyer
22-28,Karnataka,231818,52,30,18,0,komal
60+,Delhi,143134,55,20,25,0,anjali
22-28,Bihar,245944,38,30,32,0,mehta
22-28,Karnataka,220079,45,25,30,0,iyer
29-39,UP,239690,21,30,49,0,madhavi
18-22,Delhi,31711,55,16,29,0,anjali
18-22,Karnataka,216543,30,62,8,57,babita
40-60,Bihar,143409,43,22,35,0,anjali
60+,Goa,60037,35,52,13,0,babita
29-39,Bihar,287342,45,48,7,72,jethalal
22-28,Goa,318572,69,40,-9,65,jethalal
60+,Kerala,46134,31,19,50,0,champaklal
60+,Kerala,296435,28,5,67,0,champaklal
60+,Bihar,269290,38,23,39,0,madhavi
18-22,Rajasthan,120075,37,26,37,0,anjali
29-39,Delhi,440288,49,48,3,76,jethalal
40-60,Kerala,43936,34,51,15,0,sodhi
40-60,Kerala,86490,21,0,79,0,popatlal
40-60,Rajasthan,249860,47,21,32,0,madhavi
29-39,Kerala,281482,21,60,19,0,roshan
60+,Goa,62783,48,16,36,0,anjali
60+,Maharashtra,59964,40,37,23,0,komal
18-22,Karnataka,22137,92,5,3,37,abdul
22-28,Kerala,176470,19,0,81,0,popatlal
60+,Maharashtra,160468,31,19,50,0,champaklal
40-60,Goa,135391,38,31,31,0,iyer
18-22,Karnataka,221117,22,13,65,0,popatlal
60+,Bihar,223626,32,7,61,0,champaklal
60+,UP,53393,24,8,68,0,champaklal
60+,Rajasthan,150636,73,15,12,0,bagha
29-39,Maharashtra,159155,55,46,-1,87,jethalal
29-39,UP,274789,44,42,14,0,komal
40-60,Goa,195123,36,19,45,0,bhide
60+,Maharashtra,108903,42,28,30,0,anjali
60+,Rajasthan,296297,39,7,54,0,champaklal
29-39,UP,160421,34,27,39,0,madhavi
60+,Rajasthan,33745,42,25,33,0,iyer
40-60,UP,176128,37,27,36,0,iyer
29-39,UP,287766,69,16,15,0,bagha
40-60,Bihar,253408,23,57,20,0,roshan
22-28,Maharashtra,39527,24,74,2,72,babita
18-22,Karnataka,155433,29,71,0,38,tapu
22-28,Goa,52767,39,28,33,0,mehta
40-60,Bihar,212624,46,-4,58,0,bhide
18-22,UP,258244,17,66,17,0,tapu
60+,Kerala,254679,58,30,12,0,komal
18-22,Karnataka,37104,91,9,0,30,abdul
18-22,UP,299422,32,49,19,0,daya
29-39,Goa,170130,37,49,14,0,daya
18-22,Rajasthan,238297,18,75,7,57,tapu
29-39,Maharashtra,74746,39,28,33,0,madhavi
40-60,Goa,171001,41,0,59,0,bhide
60+,Delhi,51410,45,29,26,0,iyer
18-22,Goa,53659,38,22,40,0,madhavi
40-60,Rajasthan,140411,31,24,45,0,bhide
60+,Rajasthan,39859,22,16,62,0,champaklal
29-39,Bihar,17546,83,17,0,40,abdul
60+,Karnataka,256099,22,13,65,0,champaklal
40-60,Rajasthan,220845,24,60,16,0,roshan
29-39,Kerala,57758,40,60,0,71,babita
22-28,Karnataka,89141,37,31,32,0,mehta
29-39,UP,186313,16,18,66,0,popatlal
29-39,Kerala,68273,24,51,25,0,babita
29-39,Kerala,58042,27,24,49,0,madhavi
60+,Kerala,172201,38,27,35,0,iyer
60+,UP,274105,35,12,53,0,champaklal
60+,Karnataka,71722,21,58,21,0,sodhi
60+,Bihar,250533,25,57,18,0,babita
18-22,UP,182959,10,10,80,0,popatlal
18-22,Karnataka,55426,68,17,15,0,bagha
40-60,Bihar,124985,18,52,30,0,roshan
60+,Delhi,163540,15,20,65,0,champaklal
22-28,Delhi,18736,94,4,2,10,abdul
60+,Delhi,80277,25,12,63,0,champaklal
29-39,Karnataka,264460,23,8,69,0,popatlal
60+,Bihar,96664,25,47,28,0,roshan
40-60,Karnataka,28181,83,16,1,15,abdul
40-60,Maharashtra,152644,30,17,53,0,bhide
40-60,Kerala,214130,33,25,42,0,bhide
40-60,Rajasthan,200322,23,53,24,0,roshan
29-39,UP,191171,36,68,-4,58,jethalal
60+,Karnataka,53765,37,53,10,0,daya
18-22,Goa,57932,50,40,10,0,komal
18-22,Karnataka,38663,85,11,4,51,abdul
40-60,Maharashtra,103528,27,54,19,0,roshan
40-60,Kerala,91264,34,14,52,0,bhide
60+,Maharashtra,272836,29,12,59,0,champaklal
18-22,Karnataka,245543,22,60,18,0,sodhi
22-28,Karnataka,291993,36,25,39,0,madhavi
40-60,Bihar,271003,43,16,41,0,bhide
29-39,Bihar,36824,81,15,4,22,abdul
18-22,UP,276193,18,72,10,0,tapu
18-22,Goa,199101,32,64,4,64,babita
18-22,Delhi,181218,25,65,10,71,jethalal
40-60,Goa,27233,90,7,3,35,abdul
18-22,Delhi,60674,29,64,7,76,tapu
40-60,Delhi,234403,41,9,50,0,bhide
18-22,Goa,200541,41,30,29,0,anjali
29-39,Delhi,15023,92,7,1,12,abdul
60+,Maharashtra,133033,11,15,74,0,popatlal
40-60,Maharashtra,150672,44,39,17,0,komal
22-28,UP,142295,35,34,31,0,iyer
40-60,Delhi,26105,84,11,5,58,abdul
29-39,UP,62500,31,20,49,0,madhavi
18-22,Delhi,233920,32,51,17,0,sodhi
18-22,Kerala,447042,55,44,1,58,jethalal
60+,Rajasthan,149813,34,16,50,0,champaklal
60+,Rajasthan,234841,35,42,23,0,komal
40-60,Delhi,22054,86,14,0,37,abdul
29-39,UP,193902,43,45,12,0,komal
60+,UP,47355,31,15,54,0,champaklal
22-28,Bihar,199786,26,74,0,32,babita
18-22,UP,16812,86,9,5,59,abdul
40-60,Kerala,99539,54,20,26,0,anjali
22-28,UP,173308,17,22,61,0,popatlal
29-39,UP,254591,66,28,6,20,bagha
22-28,Rajasthan,162035,19,20,61,0,popatlal
40-60,Bihar,188498,55,23,22,0,mehta
18-22,Kerala,17127,83,13,4,73,abdul
40-60,Maharashtra,57877,54,19,27,0,anjali
29-39,Delhi,280286,16,60,24,0,sodhi
40-60,Karnataka,56478,44,0,56,0,bhide
29-39,UP,128514,51,20,29,0,anjali
40-60,Goa,213490,21,69,10,0,babita
40-60,Bihar,46736,44,6,50,0,bhide
29-39,Kerala,197540,25,60,15,0,sodhi
29-39,Bihar,39335,95,4,1,44,abdul
60+,Karnataka,187781,18,19,63,0,champaklal
18-22,Maharashtra,90742,44,21,35,0,anjali
40-60,Delhi,132364,39,23,38,0,anjali
29-39,Bihar,42079,39,23,38,0,madhavi
40-60,Rajasthan,80585,32,20,48,0,bhide
60+,Goa,292764,34,32,34,0,iyer
